Italy,ITA,2015-01-01,53.48
Italy,ITA,2015-01-02,53.39
Italy,ITA,2015-01-03,53.41
Italy,ITA,2015-01-04,53.42
Italy,ITA,2015-01-05,53.54
Italy,ITA,2015-01-06,50.49
Italy,ITA,2015-01-07,60.31
Italy,ITA,2015-01-08,60.65
Italy,ITA,2015-01-09,56.09
Italy,ITA,2015-01-10,47.15
Italy,ITA,2015-01-11,39.52
Italy,ITA,2015-01-12,50.14
Italy,ITA,2015-01-13,54.97
Italy,ITA,2015-01-14,51.2
Italy,ITA,2015-01-15,53.06
Italy,ITA,2015-01-16,51.89
Italy,ITA,2015-01-17,46.89
Italy,ITA,2015-01-18,47.52
Italy,ITA,2015-01-19,52.68
Italy,ITA,2015-01-20,54.02
Italy,ITA,2015-01-21,53.4
Italy,ITA,2015-01-22,52.76
Italy,ITA,2015-01-23,52.81
Italy,ITA,2015-01-24,47.7
Italy,ITA,2015-01-25,42.24
Italy,ITA,2015-01-26,50.74
Italy,ITA,2015-01-27,52.06
Italy,ITA,2015-01-28,52.17
Italy,ITA,2015-01-29,51.65
Italy,ITA,2015-01-30,49.09
Italy,ITA,2015-01-31,51.16
Italy,ITA,2015-02-01,40.47
Italy,ITA,2015-02-02,53.63
Italy,ITA,2015-02-03,60.06
Italy,ITA,2015-02-04,56.7
Italy,ITA,2015-02-05,56.52
Italy,ITA,2015-02-06,53.61
Italy,ITA,2015-02-07,53.67
Italy,ITA,2015-02-08,44.61
Italy,ITA,2015-02-09,57.06
Italy,ITA,2015-02-10,58.92
Italy,ITA,2015-02-11,60.43
Italy,ITA,2015-02-12,61.47
Italy,ITA,2015-02-13,56.84
Italy,ITA,2015-02-14,59.01
Italy,ITA,2015-02-15,52.26
Italy,ITA,2015-02-16,55.77
Italy,ITA,2015-02-17,52.89
Italy,ITA,2015-02-18,55.62
Italy,ITA,2015-02-19,57.06
Italy,ITA,2015-02-20,56.32
Italy,ITA,2015-02-21,49.12
Italy,ITA,2015-02-22,50.71
Italy,ITA,2015-02-23,53.14
Italy,ITA,2015-02-24,53.01
Italy,ITA,2015-02-25,52.97
Italy,ITA,2015-02-26,55.28
Italy,ITA,2015-02-27,57.83
Italy,ITA,2015-02-28,51.66
Italy,ITA,2015-03-01,47.2
Italy,ITA,2015-03-02,46.9
Italy,ITA,2015-03-03,56.48
Italy,ITA,2015-03-04,53.28
Italy,ITA,2015-03-05,51.34
Italy,ITA,2015-03-06,49.4
Italy,ITA,2015-03-07,43.24
Italy,ITA,2015-03-08,45.56
Italy,ITA,2015-03-09,50.31
Italy,ITA,2015-03-10,53.61
Italy,ITA,2015-03-11,51.78
Italy,ITA,2015-03-12,46.31
Italy,ITA,2015-03-13,48.76
Italy,ITA,2015-03-14,51.79
Italy,ITA,2015-03-15,50.21
Italy,ITA,2015-03-16,55.26
Italy,ITA,2015-03-17,53.42
Italy,ITA,2015-03-18,52.56
Italy,ITA,2015-03-19,50.16
Italy,ITA,2015-03-20,61.7
Italy,ITA,2015-03-21,47.43
Italy,ITA,2015-03-22,47.96
Italy,ITA,2015-03-23,54.82
Italy,ITA,2015-03-24,57.04
Italy,ITA,2015-03-25,56.84
Italy,ITA,2015-03-26,54.14
Italy,ITA,2015-03-27,49.2
Italy,ITA,2015-03-28,37.57
Italy,ITA,2015-03-29,38.01
Italy,ITA,2015-03-30,42.02
Italy,ITA,2015-03-31,43.86
Italy,ITA,2015-04-01,43.74
Italy,ITA,2015-04-02,51.26
Italy,ITA,2015-04-03,44.93
Italy,ITA,2015-04-04,52.11
Italy,ITA,2015-04-05,38.07
Italy,ITA,2015-04-06,32.83
Italy,ITA,2015-04-07,47.64
Italy,ITA,2015-04-08,46.44
Italy,ITA,2015-04-09,49.22
Italy,ITA,2015-04-10,48.99
Italy,ITA,2015-04-11,53.66
Italy,ITA,2015-04-12,47.0
Italy,ITA,2015-04-13,52.96
Italy,ITA,2015-04-14,48.79
Italy,ITA,2015-04-15,48.56
Italy,ITA,2015-04-16,49.29
Italy,ITA,2015-04-17,45.93
Italy,ITA,2015-04-18,46.03
Italy,ITA,2015-04-19,48.78
Italy,ITA,2015-04-20,51.55
Italy,ITA,2015-04-21,43.44
Italy,ITA,2015-04-22,48.4
Italy,ITA,2015-04-23,49.22
Italy,ITA,2015-04-24,53.58
Italy,ITA,2015-04-25,50.3
Italy,ITA,2015-04-26,47.72
Italy,ITA,2015-04-27,54.11
Italy,ITA,2015-04-28,44.13
Italy,ITA,2015-04-29,49.63
Italy,ITA,2015-04-30,47.29
Italy,ITA,2015-05-01,36.74
Italy,ITA,2015-05-02,44.02
Italy,ITA,2015-05-03,44.93
Italy,ITA,2015-05-04,62.35
Italy,ITA,2015-05-05,53.78
Italy,ITA,2015-05-06,59.12
Italy,ITA,2015-05-07,53.23
Italy,ITA,2015-05-08,52.39
Italy,ITA,2015-05-09,42.76
Italy,ITA,2015-05-10,32.31
Italy,ITA,2015-05-11,45.49
Italy,ITA,2015-05-12,54.29
Italy,ITA,2015-05-13,53.6
Italy,ITA,2015-05-14,46.57
Italy,ITA,2015-05-15,49.7
Italy,ITA,2015-05-16,49.95
Italy,ITA,2015-05-17,38.43
Italy,ITA,2015-05-18,50.46
Italy,ITA,2015-05-19,49.65
Italy,ITA,2015-05-20,47.79
Italy,ITA,2015-05-21,48.24
Italy,ITA,2015-05-22,45.53
Italy,ITA,2015-05-23,38.76
Italy,ITA,2015-05-24,41.35
Italy,ITA,2015-05-25,47.75
Italy,ITA,2015-05-26,49.92
Italy,ITA,2015-05-27,45.22
Italy,ITA,2015-05-28,44.68
Italy,ITA,2015-05-29,48.59
Italy,ITA,2015-05-30,43.27
Italy,ITA,2015-05-31,44.64
Italy,ITA,2015-06-01,50.9
Italy,ITA,2015-06-02,45.27
Italy,ITA,2015-06-03,52.51
Italy,ITA,2015-06-04,54.53
Italy,ITA,2015-06-05,51.97
Italy,ITA,2015-06-06,47.61
Italy,ITA,2015-06-07,46.2
Italy,ITA,2015-06-08,52.69
Italy,ITA,2015-06-09,50.76
Italy,ITA,2015-06-10,49.9
Italy,ITA,2015-06-11,49.9
Italy,ITA,2015-06-12,55.74
Italy,ITA,2015-06-13,51.28
Italy,ITA,2015-06-14,45.99
Italy,ITA,2015-06-15,50.88
Italy,ITA,2015-06-16,54.31
Italy,ITA,2015-06-17,55.07
Italy,ITA,2015-06-18,47.05
Italy,ITA,2015-06-19,47.26
Italy,ITA,2015-06-20,43.59
Italy,ITA,2015-06-21,34.6
Italy,ITA,2015-06-22,45.53
Italy,ITA,2015-06-23,45.53
Italy,ITA,2015-06-24,48.3
Italy,ITA,2015-06-25,48.74
Italy,ITA,2015-06-26,46.59
Italy,ITA,2015-06-27,43.15
Italy,ITA,2015-06-28,43.55
Italy,ITA,2015-06-29,48.57
Italy,ITA,2015-06-30,51.22
Italy,ITA,2015-07-01,49.21
Italy,ITA,2015-07-02,52.42
Italy,ITA,2015-07-03,53.21
Italy,ITA,2015-07-04,49.68
Italy,ITA,2015-07-05,48.84
Italy,ITA,2015-07-06,62.12
Italy,ITA,2015-07-07,68.42
Italy,ITA,2015-07-08,71.34
Italy,ITA,2015-07-09,74.51
Italy,ITA,2015-07-10,65.74
Italy,ITA,2015-07-11,49.7
Italy,ITA,2015-07-12,49.4
Italy,ITA,2015-07-13,60.79
Italy,ITA,2015-07-14,68.9
Italy,ITA,2015-07-15,76.42
Italy,ITA,2015-07-16,77.31
Italy,ITA,2015-07-17,75.81
Italy,ITA,2015-07-18,62.77
Italy,ITA,2015-07-19,56.94
Italy,ITA,2015-07-20,72.14
Italy,ITA,2015-07-21,81.53
Italy,ITA,2015-07-22,106.38
Italy,ITA,2015-07-23,126.18
Italy,ITA,2015-07-24,87.7
Italy,ITA,2015-07-25,58.24
Italy,ITA,2015-07-26,50.37
Italy,ITA,2015-07-27,64.96
Italy,ITA,2015-07-28,67.92
Italy,ITA,2015-07-29,73.24
Italy,ITA,2015-07-30,69.46
Italy,ITA,2015-07-31,67.8
Italy,ITA,2015-08-01,58.29
Italy,ITA,2015-08-02,57.64
Italy,ITA,2015-08-03,60.86
Italy,ITA,2015-08-04,60.44
Italy,ITA,2015-08-05,60.05
Italy,ITA,2015-08-06,64.66
Italy,ITA,2015-08-07,62.49
Italy,ITA,2015-08-08,60.26
Italy,ITA,2015-08-09,55.69
Italy,ITA,2015-08-10,57.16
Italy,ITA,2015-08-11,55.97
Italy,ITA,2015-08-12,53.5
Italy,ITA,2015-08-13,51.44
Italy,ITA,2015-08-14,51.78
Italy,ITA,2015-08-15,47.51
Italy,ITA,2015-08-16,45.56
Italy,ITA,2015-08-17,48.26
Italy,ITA,2015-08-18,49.57
Italy,ITA,2015-08-19,48.29
Italy,ITA,2015-08-20,43.11
Italy,ITA,2015-08-21,45.5
Italy,ITA,2015-08-22,45.88
Italy,ITA,2015-08-23,43.89
Italy,ITA,2015-08-24,50.34
Italy,ITA,2015-08-25,48.81
Italy,ITA,2015-08-26,51.69
Italy,ITA,2015-08-27,49.54
Italy,ITA,2015-08-28,53.11
Italy,ITA,2015-08-29,48.38
Italy,ITA,2015-08-30,48.86
Italy,ITA,2015-08-31,56.54
Italy,ITA,2015-09-01,59.96
Italy,ITA,2015-09-02,58.5
Italy,ITA,2015-09-03,56.2
Italy,ITA,2015-09-04,56.03
Italy,ITA,2015-09-05,52.13
Italy,ITA,2015-09-06,44.74
Italy,ITA,2015-09-07,53.84
Italy,ITA,2015-09-08,51.42
Italy,ITA,2015-09-09,51.98
Italy,ITA,2015-09-10,50.44
Italy,ITA,2015-09-11,54.19
Italy,ITA,2015-09-12,47.53
Italy,ITA,2015-09-13,44.44
Italy,ITA,2015-09-14,50.04
Italy,ITA,2015-09-15,51.18
Italy,ITA,2015-09-16,52.05
Italy,ITA,2015-09-17,57.9
Italy,ITA,2015-09-18,50.5
Italy,ITA,2015-09-19,45.44
Italy,ITA,2015-09-20,39.37
Italy,ITA,2015-09-21,44.42
Italy,ITA,2015-09-22,51.5
Italy,ITA,2015-09-23,48.49
Italy,ITA,2015-09-24,47.36
Italy,ITA,2015-09-25,47.13
Italy,ITA,2015-09-26,41.98
Italy,ITA,2015-09-27,37.76
Italy,ITA,2015-09-28,45.11
Italy,ITA,2015-09-29,47.02
Italy,ITA,2015-09-30,44.95
Italy,ITA,2015-10-01,47.47
Italy,ITA,2015-10-02,51.94
Italy,ITA,2015-10-03,44.06
Italy,ITA,2015-10-04,41.41
Italy,ITA,2015-10-05,46.7
Italy,ITA,2015-10-06,46.62
Italy,ITA,2015-10-07,46.28
Italy,ITA,2015-10-08,49.64
Italy,ITA,2015-10-09,47.91
Italy,ITA,2015-10-10,39.57
Italy,ITA,2015-10-11,37.36
Italy,ITA,2015-10-12,49.26
Italy,ITA,2015-10-13,50.47
Italy,ITA,2015-10-14,50.72
Italy,ITA,2015-10-15,50.37
Italy,ITA,2015-10-16,54.82
Italy,ITA,2015-10-17,44.81
Italy,ITA,2015-10-18,42.2
Italy,ITA,2015-10-19,54.86
Italy,ITA,2015-10-20,53.43
Italy,ITA,2015-10-21,52.22
Italy,ITA,2015-10-22,47.46
Italy,ITA,2015-10-23,48.35
Italy,ITA,2015-10-24,45.71
Italy,ITA,2015-10-25,42.35
Italy,ITA,2015-10-26,50.23
Italy,ITA,2015-10-27,52.94
Italy,ITA,2015-10-28,54.58
Italy,ITA,2015-10-29,50.36
Italy,ITA,2015-10-30,46.81
Italy,ITA,2015-10-31,40.54
Italy,ITA,2015-11-01,36.22
Italy,ITA,2015-11-02,46.22
Italy,ITA,2015-11-03,48.55
Italy,ITA,2015-11-04,51.69
Italy,ITA,2015-11-05,53.1
Italy,ITA,2015-11-06,50.2
Italy,ITA,2015-11-07,44.77
Italy,ITA,2015-11-08,37.67
Italy,ITA,2015-11-09,55.71
Italy,ITA,2015-11-10,60.21
Italy,ITA,2015-11-11,57.61
Italy,ITA,2015-11-12,58.86
Italy,ITA,2015-11-13,60.07
Italy,ITA,2015-11-14,46.69
Italy,ITA,2015-11-15,45.98
Italy,ITA,2015-11-16,57.89
Italy,ITA,2015-11-17,60.34
Italy,ITA,2015-11-18,72.22
Italy,ITA,2015-11-19,72.28
Italy,ITA,2015-11-20,60.98
Italy,ITA,2015-11-21,43.22
Italy,ITA,2015-11-22,42.33
Italy,ITA,2015-11-23,71.6
Italy,ITA,2015-11-24,68.12
Italy,ITA,2015-11-25,64.35
Italy,ITA,2015-11-26,60.35
Italy,ITA,2015-11-27,60.46
Italy,ITA,2015-11-28,58.9
Italy,ITA,2015-11-29,49.82
Italy,ITA,2015-11-30,58.62
Italy,ITA,2015-12-01,65.69
Italy,ITA,2015-12-02,69.41
Italy,ITA,2015-12-03,63.33
Italy,ITA,2015-12-04,68.53
Italy,ITA,2015-12-05,65.86
Italy,ITA,2015-12-06,52.87
Italy,ITA,2015-12-07,55.55
Italy,ITA,2015-12-08,50.41
Italy,ITA,2015-12-09,61.91
Italy,ITA,2015-12-10,57.63
Italy,ITA,2015-12-11,58.0
Italy,ITA,2015-12-12,56.23
Italy,ITA,2015-12-13,49.8
Italy,ITA,2015-12-14,60.84
Italy,ITA,2015-12-15,65.42
Italy,ITA,2015-12-16,69.7
Italy,ITA,2015-12-17,63.61
Italy,ITA,2015-12-18,63.7
Italy,ITA,2015-12-19,54.44
Italy,ITA,2015-12-20,47.8
Italy,ITA,2015-12-21,57.56
Italy,ITA,2015-12-22,54.54
Italy,ITA,2015-12-23,52.92
Italy,ITA,2015-12-24,47.81
Italy,ITA,2015-12-25,40.3
Italy,ITA,2015-12-26,39.87
Italy,ITA,2015-12-27,48.7
Italy,ITA,2015-12-28,47.78
Italy,ITA,2015-12-29,45.22
Italy,ITA,2015-12-30,43.91
Italy,ITA,2015-12-31,49.16
Italy,ITA,2016-01-01,43.86
Italy,ITA,2016-01-02,46.16
Italy,ITA,2016-01-03,36.28
Italy,ITA,2016-01-04,43.72
Italy,ITA,2016-01-05,44.24
Italy,ITA,2016-01-06,46.43
Italy,ITA,2016-01-07,53.19
Italy,ITA,2016-01-08,49.52
Italy,ITA,2016-01-09,42.39
Italy,ITA,2016-01-10,36.25
Italy,ITA,2016-01-11,43.85
Italy,ITA,2016-01-12,47.06
Italy,ITA,2016-01-13,45.29
Italy,ITA,2016-01-14,48.69
Italy,ITA,2016-01-15,44.96
Italy,ITA,2016-01-16,43.47
Italy,ITA,2016-01-17,38.64
Italy,ITA,2016-01-18,50.81
Italy,ITA,2016-01-19,64.31
Italy,ITA,2016-01-20,62.71
Italy,ITA,2016-01-21,60.49
Italy,ITA,2016-01-22,53.33
Italy,ITA,2016-01-23,45.55
Italy,ITA,2016-01-24,40.99
Italy,ITA,2016-01-25,47.97
Italy,ITA,2016-01-26,47.72
Italy,ITA,2016-01-27,47.23
Italy,ITA,2016-01-28,47.72
Italy,ITA,2016-01-29,47.32
Italy,ITA,2016-01-30,42.39
Italy,ITA,2016-01-31,27.89
Italy,ITA,2016-02-01,43.31
Italy,ITA,2016-02-02,44.43
Italy,ITA,2016-02-03,39.81
Italy,ITA,2016-02-04,37.91
Italy,ITA,2016-02-05,39.57
Italy,ITA,2016-02-06,40.51
Italy,ITA,2016-02-07,37.29
Italy,ITA,2016-02-08,39.42
Italy,ITA,2016-02-09,37.11
Italy,ITA,2016-02-10,34.95
Italy,ITA,2016-02-11,37.79
Italy,ITA,2016-02-12,38.03
Italy,ITA,2016-02-13,31.8
Italy,ITA,2016-02-14,34.94
Italy,ITA,2016-02-15,39.48
Italy,ITA,2016-02-16,40.13
Italy,ITA,2016-02-17,39.6
Italy,ITA,2016-02-18,38.64
Italy,ITA,2016-02-19,36.3
Italy,ITA,2016-02-20,35.01
Italy,ITA,2016-02-21,27.2
Italy,ITA,2016-02-22,36.82
Italy,ITA,2016-02-23,35.95
Italy,ITA,2016-02-24,36.33
Italy,ITA,2016-02-25,37.12
Italy,ITA,2016-02-26,37.43
Italy,ITA,2016-02-27,34.04
Italy,ITA,2016-02-28,27.69
Italy,ITA,2016-02-29,33.69
Italy,ITA,2016-03-01,34.8
Italy,ITA,2016-03-02,34.9
Italy,ITA,2016-03-03,32.8
Italy,ITA,2016-03-04,35.79
Italy,ITA,2016-03-05,34.44
Italy,ITA,2016-03-06,34.73
Italy,ITA,2016-03-07,37.97
Italy,ITA,2016-03-08,39.22
Italy,ITA,2016-03-09,37.98
Italy,ITA,2016-03-10,40.03
Italy,ITA,2016-03-11,36.69
Italy,ITA,2016-03-12,34.6
Italy,ITA,2016-03-13,30.41
Italy,ITA,2016-03-14,34.53
Italy,ITA,2016-03-15,40.48
Italy,ITA,2016-03-16,42.2
Italy,ITA,2016-03-17,36.76
Italy,ITA,2016-03-18,37.38
Italy,ITA,2016-03-19,33.42
Italy,ITA,2016-03-20,31.64
Italy,ITA,2016-03-21,34.37
Italy,ITA,2016-03-22,34.24
Italy,ITA,2016-03-23,33.88
Italy,ITA,2016-03-24,31.57
Italy,ITA,2016-03-25,31.51
Italy,ITA,2016-03-26,39.09
Italy,ITA,2016-03-27,33.69
Italy,ITA,2016-03-28,33.71
Italy,ITA,2016-03-29,34.84
Italy,ITA,2016-03-30,32.57
Italy,ITA,2016-03-31,32.06
Italy,ITA,2016-04-01,34.14
Italy,ITA,2016-04-02,35.96
Italy,ITA,2016-04-03,32.92
Italy,ITA,2016-04-04,33.69
Italy,ITA,2016-04-05,31.71
Italy,ITA,2016-04-06,30.89
Italy,ITA,2016-04-07,29.9
Italy,ITA,2016-04-08,30.99
Italy,ITA,2016-04-09,29.95
Italy,ITA,2016-04-10,28.69
Italy,ITA,2016-04-11,29.22
Italy,ITA,2016-04-12,31.06
Italy,ITA,2016-04-13,32.66
Italy,ITA,2016-04-14,31.66
Italy,ITA,2016-04-15,31.3
Italy,ITA,2016-04-16,30.39
Italy,ITA,2016-04-17,31.88
Italy,ITA,2016-04-18,33.71
Italy,ITA,2016-04-19,28.28
Italy,ITA,2016-04-20,25.36
Italy,ITA,2016-04-21,33.27
Italy,ITA,2016-04-22,31.72
Italy,ITA,2016-04-23,33.52
Italy,ITA,2016-04-24,26.02
Italy,ITA,2016-04-25,28.26
Italy,ITA,2016-04-26,33.58
Italy,ITA,2016-04-27,34.63
Italy,ITA,2016-04-28,40.34
Italy,ITA,2016-04-29,35.02
Italy,ITA,2016-04-30,35.57
Italy,ITA,2016-05-01,32.07
Italy,ITA,2016-05-02,37.26
Italy,ITA,2016-05-03,33.68
Italy,ITA,2016-05-04,34.65
Italy,ITA,2016-05-05,35.88
Italy,ITA,2016-05-06,37.27
Italy,ITA,2016-05-07,34.17
Italy,ITA,2016-05-08,31.18
Italy,ITA,2016-05-09,37.19
Italy,ITA,2016-05-10,38.27
Italy,ITA,2016-05-11,39.95
Italy,ITA,2016-05-12,34.96
Italy,ITA,2016-05-13,33.87
Italy,ITA,2016-05-14,31.18
Italy,ITA,2016-05-15,28.23
Italy,ITA,2016-05-16,34.79
Italy,ITA,2016-05-17,35.29
Italy,ITA,2016-05-18,37.2
Italy,ITA,2016-05-19,37.5
Italy,ITA,2016-05-20,34.45
Italy,ITA,2016-05-21,25.55
Italy,ITA,2016-05-22,28.14
Italy,ITA,2016-05-23,32.01
Italy,ITA,2016-05-24,30.49
Italy,ITA,2016-05-25,35.39
Italy,ITA,2016-05-26,37.21
Italy,ITA,2016-05-27,36.72
Italy,ITA,2016-05-28,31.3
Italy,ITA,2016-05-29,30.35
Italy,ITA,2016-05-30,39.68
Italy,ITA,2016-05-31,37.97
Italy,ITA,2016-06-01,41.11
Italy,ITA,2016-06-02,33.23
Italy,ITA,2016-06-03,39.59
Italy,ITA,2016-06-04,37.62
Italy,ITA,2016-06-05,34.59
Italy,ITA,2016-06-06,37.72
Italy,ITA,2016-06-07,40.23
Italy,ITA,2016-06-08,37.85
Italy,ITA,2016-06-09,39.86
Italy,ITA,2016-06-10,39.49
Italy,ITA,2016-06-11,30.85
Italy,ITA,2016-06-12,28.75
Italy,ITA,2016-06-13,34.64
Italy,ITA,2016-06-14,32.8
Italy,ITA,2016-06-15,38.0
Italy,ITA,2016-06-16,32.98
Italy,ITA,2016-06-17,32.38
Italy,ITA,2016-06-18,29.95
Italy,ITA,2016-06-19,28.53
Italy,ITA,2016-06-20,35.05
Italy,ITA,2016-06-21,36.84
Italy,ITA,2016-06-22,39.3
Italy,ITA,2016-06-23,36.95
Italy,ITA,2016-06-24,45.24
Italy,ITA,2016-06-25,32.08
Italy,ITA,2016-06-26,29.8
Italy,ITA,2016-06-27,40.03
Italy,ITA,2016-06-28,37.57
Italy,ITA,2016-06-29,38.97
Italy,ITA,2016-06-30,47.45
Italy,ITA,2016-07-01,42.17
Italy,ITA,2016-07-02,43.64
Italy,ITA,2016-07-03,34.98
Italy,ITA,2016-07-04,46.28
Italy,ITA,2016-07-05,45.11
Italy,ITA,2016-07-06,45.46
Italy,ITA,2016-07-07,45.7
Italy,ITA,2016-07-08,47.83
Italy,ITA,2016-07-09,38.6
Italy,ITA,2016-07-10,38.92
Italy,ITA,2016-07-11,54.99
Italy,ITA,2016-07-12,71.18
Italy,ITA,2016-07-13,48.44
Italy,ITA,2016-07-14,42.89
Italy,ITA,2016-07-15,39.04
Italy,ITA,2016-07-16,30.14
Italy,ITA,2016-07-17,29.45
Italy,ITA,2016-07-18,39.77
Italy,ITA,2016-07-19,40.43
Italy,ITA,2016-07-20,41.49
Italy,ITA,2016-07-21,46.69
Italy,ITA,2016-07-22,43.12
Italy,ITA,2016-07-23,42.56
Italy,ITA,2016-07-24,37.29
Italy,ITA,2016-07-25,43.75
Italy,ITA,2016-07-26,43.4
Italy,ITA,2016-07-27,42.87
Italy,ITA,2016-07-28,43.47
Italy,ITA,2016-07-29,41.69
Italy,ITA,2016-07-30,39.58
Italy,ITA,2016-07-31,38.37
Italy,ITA,2016-08-01,40.68
Italy,ITA,2016-08-02,41.03
Italy,ITA,2016-08-03,40.89
Italy,ITA,2016-08-04,41.26
Italy,ITA,2016-08-05,40.41
Italy,ITA,2016-08-06,37.73
Italy,ITA,2016-08-07,33.48
Italy,ITA,2016-08-08,38.98
Italy,ITA,2016-08-09,37.05
Italy,ITA,2016-08-10,34.14
Italy,ITA,2016-08-11,36.02
Italy,ITA,2016-08-12,33.89
Italy,ITA,2016-08-13,30.49
Italy,ITA,2016-08-14,32.7
Italy,ITA,2016-08-15,34.23
Italy,ITA,2016-08-16,37.94
Italy,ITA,2016-08-17,35.86
Italy,ITA,2016-08-18,35.44
Italy,ITA,2016-08-19,37.83
Italy,ITA,2016-08-20,35.37
Italy,ITA,2016-08-21,36.36
Italy,ITA,2016-08-22,35.26
Italy,ITA,2016-08-23,34.31
Italy,ITA,2016-08-24,35.36
Italy,ITA,2016-08-25,35.1
Italy,ITA,2016-08-26,38.86
Italy,ITA,2016-08-27,36.93
Italy,ITA,2016-08-28,36.02
Italy,ITA,2016-08-29,41.52
Italy,ITA,2016-08-30,42.69
Italy,ITA,2016-08-31,44.19
Italy,ITA,2016-09-01,48.33
Italy,ITA,2016-09-02,49.79
Italy,ITA,2016-09-03,39.92
Italy,ITA,2016-09-04,36.37
Italy,ITA,2016-09-05,44.56
Italy,ITA,2016-09-06,45.47
Italy,ITA,2016-09-07,59.91
Italy,ITA,2016-09-08,46.39
Italy,ITA,2016-09-09,41.92
Italy,ITA,2016-09-10,36.9
Italy,ITA,2016-09-11,35.83
Italy,ITA,2016-09-12,46.25
Italy,ITA,2016-09-13,45.35
Italy,ITA,2016-09-14,44.77
Italy,ITA,2016-09-15,45.94
Italy,ITA,2016-09-16,43.53
Italy,ITA,2016-09-17,38.01
Italy,ITA,2016-09-18,33.96
Italy,ITA,2016-09-19,40.03
Italy,ITA,2016-09-20,42.18
Italy,ITA,2016-09-21,42.96
Italy,ITA,2016-09-22,41.87
Italy,ITA,2016-09-23,45.04
Italy,ITA,2016-09-24,38.93
Italy,ITA,2016-09-25,36.45
Italy,ITA,2016-09-26,42.65
Italy,ITA,2016-09-27,43.16
Italy,ITA,2016-09-28,44.18
Italy,ITA,2016-09-29,42.85
Italy,ITA,2016-09-30,44.05
Italy,ITA,2016-10-01,45.28
Italy,ITA,2016-10-02,39.22
Italy,ITA,2016-10-03,45.76
Italy,ITA,2016-10-04,45.38
Italy,ITA,2016-10-05,45.55
Italy,ITA,2016-10-06,50.17
Italy,ITA,2016-10-07,54.0
Italy,ITA,2016-10-08,43.79
Italy,ITA,2016-10-09,41.11
Italy,ITA,2016-10-10,52.81
Italy,ITA,2016-10-11,58.32
Italy,ITA,2016-10-12,54.97
Italy,ITA,2016-10-13,55.94
Italy,ITA,2016-10-14,53.28
Italy,ITA,2016-10-15,43.73
Italy,ITA,2016-10-16,41.57
Italy,ITA,2016-10-17,55.62
Italy,ITA,2016-10-18,59.78
Italy,ITA,2016-10-19,59.75
Italy,ITA,2016-10-20,65.38
Italy,ITA,2016-10-21,65.58
Italy,ITA,2016-10-22,54.76
Italy,ITA,2016-10-23,49.15
Italy,ITA,2016-10-24,66.23
Italy,ITA,2016-10-25,70.54
Italy,ITA,2016-10-26,66.35
Italy,ITA,2016-10-27,56.3
Italy,ITA,2016-10-28,55.9
Italy,ITA,2016-10-29,50.11
Italy,ITA,2016-10-30,49.14
Italy,ITA,2016-10-31,49.03
Italy,ITA,2016-11-01,51.14
Italy,ITA,2016-11-02,58.69
Italy,ITA,2016-11-03,60.89
Italy,ITA,2016-11-04,65.58
Italy,ITA,2016-11-05,49.04
Italy,ITA,2016-11-06,45.3
Italy,ITA,2016-11-07,70.58
Italy,ITA,2016-11-08,65.23
Italy,ITA,2016-11-09,64.97
Italy,ITA,2016-11-10,61.78
Italy,ITA,2016-11-11,56.73
Italy,ITA,2016-11-12,53.51
Italy,ITA,2016-11-13,55.79
Italy,ITA,2016-11-14,78.74
Italy,ITA,2016-11-15,79.53
Italy,ITA,2016-11-16,68.13
Italy,ITA,2016-11-17,61.16
Italy,ITA,2016-11-18,58.46
Italy,ITA,2016-11-19,52.44
Italy,ITA,2016-11-20,49.33
Italy,ITA,2016-11-21,54.89
Italy,ITA,2016-11-22,56.6
Italy,ITA,2016-11-23,53.39
Italy,ITA,2016-11-24,53.1
Italy,ITA,2016-11-25,52.94
Italy,ITA,2016-11-26,47.26
Italy,ITA,2016-11-27,42.43
Italy,ITA,2016-11-28,57.65
Italy,ITA,2016-11-29,57.01
Italy,ITA,2016-11-30,67.14
Italy,ITA,2016-12-01,74.23
Italy,ITA,2016-12-02,66.91
Italy,ITA,2016-12-03,54.75
Italy,ITA,2016-12-04,44.74
Italy,ITA,2016-12-05,61.6
Italy,ITA,2016-12-06,64.05
Italy,ITA,2016-12-07,57.85
Italy,ITA,2016-12-08,51.73
Italy,ITA,2016-12-09,54.38
Italy,ITA,2016-12-10,51.14
Italy,ITA,2016-12-11,51.52
Italy,ITA,2016-12-12,57.22
Italy,ITA,2016-12-13,59.54
Italy,ITA,2016-12-14,63.31
Italy,ITA,2016-12-15,63.7
Italy,ITA,2016-12-16,59.75
Italy,ITA,2016-12-17,51.9
Italy,ITA,2016-12-18,51.58
Italy,ITA,2016-12-19,61.36
Italy,ITA,2016-12-20,61.67
Italy,ITA,2016-12-21,63.22
Italy,ITA,2016-12-22,65.13
Italy,ITA,2016-12-23,55.86
Italy,ITA,2016-12-24,50.38
Italy,ITA,2016-12-25,42.98
Italy,ITA,2016-12-26,47.84
Italy,ITA,2016-12-27,56.11
Italy,ITA,2016-12-28,48.26
Italy,ITA,2016-12-29,46.42
Italy,ITA,2016-12-30,56.17
Italy,ITA,2016-12-31,52.01
Italy,ITA,2017-01-01,50.78
Italy,ITA,2017-01-02,58.88
Italy,ITA,2017-01-03,56.14
Italy,ITA,2017-01-04,60.2
Italy,ITA,2017-01-05,54.33
Italy,ITA,2017-01-06,54.24
Italy,ITA,2017-01-07,56.67
Italy,ITA,2017-01-08,56.68
Italy,ITA,2017-01-09,65.62
Italy,ITA,2017-01-10,82.82
Italy,ITA,2017-01-11,77.95
Italy,ITA,2017-01-12,82.05
Italy,ITA,2017-01-13,76.97
Italy,ITA,2017-01-14,62.75
Italy,ITA,2017-01-15,61.93
Italy,ITA,2017-01-16,80.93
Italy,ITA,2017-01-17,92.84
Italy,ITA,2017-01-18,81.75
Italy,ITA,2017-01-19,82.56
Italy,ITA,2017-01-20,84.03
Italy,ITA,2017-01-21,64.23
Italy,ITA,2017-01-22,65.01
Italy,ITA,2017-01-23,87.4
Italy,ITA,2017-01-24,99.41
Italy,ITA,2017-01-25,101.33
Italy,ITA,2017-01-26,93.63
Italy,ITA,2017-01-27,72.27
Italy,ITA,2017-01-28,60.92
Italy,ITA,2017-01-29,59.14
Italy,ITA,2017-01-30,75.59
Italy,ITA,2017-01-31,75.59
Italy,ITA,2017-02-01,73.7
Italy,ITA,2017-02-02,64.53
Italy,ITA,2017-02-03,62.97
Italy,ITA,2017-02-04,50.91
Italy,ITA,2017-02-05,48.81
Italy,ITA,2017-02-06,66.51
Italy,ITA,2017-02-07,60.75
Italy,ITA,2017-02-08,63.0
Italy,ITA,2017-02-09,61.68
Italy,ITA,2017-02-10,65.38
Italy,ITA,2017-02-11,55.46
Italy,ITA,2017-02-12,50.29
Italy,ITA,2017-02-13,54.53
Italy,ITA,2017-02-14,53.72
Italy,ITA,2017-02-15,52.31
Italy,ITA,2017-02-16,55.15
Italy,ITA,2017-02-17,53.29
Italy,ITA,2017-02-18,48.57
Italy,ITA,2017-02-19,49.43
Italy,ITA,2017-02-20,63.53
Italy,ITA,2017-02-21,52.88
Italy,ITA,2017-02-22,49.41
Italy,ITA,2017-02-23,50.59
Italy,ITA,2017-02-24,50.09
Italy,ITA,2017-02-25,48.67
Italy,ITA,2017-02-26,47.21
Italy,ITA,2017-02-27,51.27
Italy,ITA,2017-02-28,48.84
Italy,ITA,2017-03-01,47.5
Italy,ITA,2017-03-02,50.1
Italy,ITA,2017-03-03,48.18
Italy,ITA,2017-03-04,45.07
Italy,ITA,2017-03-05,48.98
Italy,ITA,2017-03-06,43.78
Italy,ITA,2017-03-07,46.64
Italy,ITA,2017-03-08,44.21
Italy,ITA,2017-03-09,44.47
Italy,ITA,2017-03-10,44.67
Italy,ITA,2017-03-11,36.12
Italy,ITA,2017-03-12,44.49
Italy,ITA,2017-03-13,47.28
Italy,ITA,2017-03-14,45.22
Italy,ITA,2017-03-15,44.31
Italy,ITA,2017-03-16,42.61
Italy,ITA,2017-03-17,46.48
Italy,ITA,2017-03-18,40.27
Italy,ITA,2017-03-19,41.16
Italy,ITA,2017-03-20,50.59
Italy,ITA,2017-03-21,47.68
Italy,ITA,2017-03-22,47.11
Italy,ITA,2017-03-23,43.23
Italy,ITA,2017-03-24,45.4
Italy,ITA,2017-03-25,43.39
Italy,ITA,2017-03-26,39.89
Italy,ITA,2017-03-27,40.17
Italy,ITA,2017-03-28,42.64
Italy,ITA,2017-03-29,41.94
Italy,ITA,2017-03-30,39.86
Italy,ITA,2017-03-31,43.26
Italy,ITA,2017-04-01,41.61
Italy,ITA,2017-04-02,39.09
Italy,ITA,2017-04-03,43.28
Italy,ITA,2017-04-04,47.98
Italy,ITA,2017-04-05,51.33
Italy,ITA,2017-04-06,44.65
Italy,ITA,2017-04-07,44.36
Italy,ITA,2017-04-08,41.85
Italy,ITA,2017-04-09,40.81
Italy,ITA,2017-04-10,42.37
Italy,ITA,2017-04-11,41.64
Italy,ITA,2017-04-12,44.54
Italy,ITA,2017-04-13,40.24
Italy,ITA,2017-04-14,41.16
Italy,ITA,2017-04-15,40.69
Italy,ITA,2017-04-16,37.13
Italy,ITA,2017-04-17,36.91
Italy,ITA,2017-04-18,41.95
Italy,ITA,2017-04-19,43.08
Italy,ITA,2017-04-20,42.67
Italy,ITA,2017-04-21,46.46
Italy,ITA,2017-04-22,44.49
Italy,ITA,2017-04-23,40.21
Italy,ITA,2017-04-24,51.75
Italy,ITA,2017-04-25,39.87
Italy,ITA,2017-04-26,45.71
Italy,ITA,2017-04-27,46.78
Italy,ITA,2017-04-28,43.71
Italy,ITA,2017-04-29,40.98
Italy,ITA,2017-04-30,39.19
Italy,ITA,2017-05-01,39.83
Italy,ITA,2017-05-02,49.99
Italy,ITA,2017-05-03,49.35
Italy,ITA,2017-05-04,48.01
Italy,ITA,2017-05-05,46.23
Italy,ITA,2017-05-06,43.95
Italy,ITA,2017-05-07,35.64
Italy,ITA,2017-05-08,46.65
Italy,ITA,2017-05-09,43.74
Italy,ITA,2017-05-10,47.82
Italy,ITA,2017-05-11,45.33
Italy,ITA,2017-05-12,42.55
Italy,ITA,2017-05-13,43.24
Italy,ITA,2017-05-14,37.99
Italy,ITA,2017-05-15,41.58
Italy,ITA,2017-05-16,39.68
Italy,ITA,2017-05-17,41.32
Italy,ITA,2017-05-18,46.53
Italy,ITA,2017-05-19,39.79
Italy,ITA,2017-05-20,37.36
Italy,ITA,2017-05-21,29.06
Italy,ITA,2017-05-22,45.35
Italy,ITA,2017-05-23,45.38
Italy,ITA,2017-05-24,45.09
Italy,ITA,2017-05-25,46.38
Italy,ITA,2017-05-26,44.13
Italy,ITA,2017-05-27,39.15
Italy,ITA,2017-05-28,32.42
Italy,ITA,2017-05-29,42.56
Italy,ITA,2017-05-30,49.07
Italy,ITA,2017-05-31,48.46
Italy,ITA,2017-06-01,50.08
Italy,ITA,2017-06-02,41.36
Italy,ITA,2017-06-03,45.47
Italy,ITA,2017-06-04,37.03
Italy,ITA,2017-06-05,51.93
Italy,ITA,2017-06-06,49.34
Italy,ITA,2017-06-07,44.34
Italy,ITA,2017-06-08,43.44
Italy,ITA,2017-06-09,46.47
Italy,ITA,2017-06-10,42.45
Italy,ITA,2017-06-11,41.88
Italy,ITA,2017-06-12,50.69
Italy,ITA,2017-06-13,49.16
Italy,ITA,2017-06-14,55.38
Italy,ITA,2017-06-15,54.91
Italy,ITA,2017-06-16,56.0
Italy,ITA,2017-06-17,46.97
Italy,ITA,2017-06-18,35.61
Italy,ITA,2017-06-19,49.98
Italy,ITA,2017-06-20,56.6
Italy,ITA,2017-06-21,59.64
Italy,ITA,2017-06-22,59.66
Italy,ITA,2017-06-23,61.24
Italy,ITA,2017-06-24,48.28
Italy,ITA,2017-06-25,43.52
Italy,ITA,2017-06-26,52.03
Italy,ITA,2017-06-27,49.43
Italy,ITA,2017-06-28,47.82
Italy,ITA,2017-06-29,46.54
Italy,ITA,2017-06-30,47.88
Italy,ITA,2017-07-01,46.2
Italy,ITA,2017-07-02,36.88
Italy,ITA,2017-07-03,42.24
Italy,ITA,2017-07-04,46.9
Italy,ITA,2017-07-05,49.38
Italy,ITA,2017-07-06,49.65
Italy,ITA,2017-07-07,51.86
Italy,ITA,2017-07-08,50.67
Italy,ITA,2017-07-09,45.48
Italy,ITA,2017-07-10,51.92
Italy,ITA,2017-07-11,55.96
Italy,ITA,2017-07-12,63.57
Italy,ITA,2017-07-13,58.49
Italy,ITA,2017-07-14,56.56
Italy,ITA,2017-07-15,44.3
Italy,ITA,2017-07-16,36.88
Italy,ITA,2017-07-17,49.35
Italy,ITA,2017-07-18,52.79
Italy,ITA,2017-07-19,56.62
Italy,ITA,2017-07-20,56.97
Italy,ITA,2017-07-21,57.25
Italy,ITA,2017-07-22,44.57
Italy,ITA,2017-07-23,42.45
Italy,ITA,2017-07-24,50.48
Italy,ITA,2017-07-25,47.18
Italy,ITA,2017-07-26,50.76
Italy,ITA,2017-07-27,53.5
Italy,ITA,2017-07-28,51.14
Italy,ITA,2017-07-29,49.97
Italy,ITA,2017-07-30,44.17
Italy,ITA,2017-07-31,65.94
Italy,ITA,2017-08-01,64.17
Italy,ITA,2017-08-02,78.77
Italy,ITA,2017-08-03,104.47
Italy,ITA,2017-08-04,93.18
Italy,ITA,2017-08-05,54.55
Italy,ITA,2017-08-06,46.66
Italy,ITA,2017-08-07,52.37
Italy,ITA,2017-08-08,52.11
Italy,ITA,2017-08-09,61.54
Italy,ITA,2017-08-10,50.18
Italy,ITA,2017-08-11,44.13
Italy,ITA,2017-08-12,48.9
Italy,ITA,2017-08-13,40.08
Italy,ITA,2017-08-14,43.83
Italy,ITA,2017-08-15,42.04
Italy,ITA,2017-08-16,52.17
Italy,ITA,2017-08-17,50.21
Italy,ITA,2017-08-18,50.07
Italy,ITA,2017-08-19,47.05
Italy,ITA,2017-08-20,41.72
Italy,ITA,2017-08-21,48.98
Italy,ITA,2017-08-22,51.77
Italy,ITA,2017-08-23,51.16
Italy,ITA,2017-08-24,50.84
Italy,ITA,2017-08-25,54.27
Italy,ITA,2017-08-26,51.85
Italy,ITA,2017-08-27,46.32
Italy,ITA,2017-08-28,73.36
Italy,ITA,2017-08-29,60.48
Italy,ITA,2017-08-30,65.69
Italy,ITA,2017-08-31,56.72
Italy,ITA,2017-09-01,55.86
Italy,ITA,2017-09-02,43.63
Italy,ITA,2017-09-03,38.98
Italy,ITA,2017-09-04,50.08
Italy,ITA,2017-09-05,53.61
Italy,ITA,2017-09-06,50.02
Italy,ITA,2017-09-07,53.51
Italy,ITA,2017-09-08,51.35
Italy,ITA,2017-09-09,44.36
Italy,ITA,2017-09-10,41.63
Italy,ITA,2017-09-11,47.71
Italy,ITA,2017-09-12,46.16
Italy,ITA,2017-09-13,52.91
Italy,ITA,2017-09-14,46.57
Italy,ITA,2017-09-15,49.86
Italy,ITA,2017-09-16,41.93
Italy,ITA,2017-09-17,40.24
Italy,ITA,2017-09-18,48.34
Italy,ITA,2017-09-19,45.25
Italy,ITA,2017-09-20,45.81
Italy,ITA,2017-09-21,53.21
Italy,ITA,2017-09-22,54.34
Italy,ITA,2017-09-23,49.29
Italy,ITA,2017-09-24,44.97
Italy,ITA,2017-09-25,53.47
Italy,ITA,2017-09-26,52.13
Italy,ITA,2017-09-27,50.69
Italy,ITA,2017-09-28,52.13
Italy,ITA,2017-09-29,53.23
Italy,ITA,2017-09-30,46.53
Italy,ITA,2017-10-01,47.54
Italy,ITA,2017-10-02,54.44
Italy,ITA,2017-10-03,54.29
Italy,ITA,2017-10-04,56.17
Italy,ITA,2017-10-05,56.29
Italy,ITA,2017-10-06,55.44
Italy,ITA,2017-10-07,43.53
Italy,ITA,2017-10-08,46.93
Italy,ITA,2017-10-09,59.41
Italy,ITA,2017-10-10,65.25
Italy,ITA,2017-10-11,60.43
Italy,ITA,2017-10-12,57.65
Italy,ITA,2017-10-13,56.47
Italy,ITA,2017-10-14,48.27
Italy,ITA,2017-10-15,43.87
Italy,ITA,2017-10-16,53.64
Italy,ITA,2017-10-17,56.92
Italy,ITA,2017-10-18,58.19
Italy,ITA,2017-10-19,58.62
Italy,ITA,2017-10-20,58.24
Italy,ITA,2017-10-21,55.3
Italy,ITA,2017-10-22,46.61
Italy,ITA,2017-10-23,51.7
Italy,ITA,2017-10-24,54.88
Italy,ITA,2017-10-25,61.13
Italy,ITA,2017-10-26,61.6
Italy,ITA,2017-10-27,59.94
Italy,ITA,2017-10-28,50.72
Italy,ITA,2017-10-29,47.66
Italy,ITA,2017-10-30,54.96
Italy,ITA,2017-10-31,59.32
Italy,ITA,2017-11-01,55.69
Italy,ITA,2017-11-02,59.82
Italy,ITA,2017-11-03,60.52
Italy,ITA,2017-11-04,52.2
Italy,ITA,2017-11-05,52.8
Italy,ITA,2017-11-06,64.21
Italy,ITA,2017-11-07,64.89
Italy,ITA,2017-11-08,74.09
Italy,ITA,2017-11-09,86.46
Italy,ITA,2017-11-10,82.16
Italy,ITA,2017-11-11,62.1
Italy,ITA,2017-11-12,53.4
Italy,ITA,2017-11-13,66.66
Italy,ITA,2017-11-14,79.42
Italy,ITA,2017-11-15,75.2
Italy,ITA,2017-11-16,74.37
Italy,ITA,2017-11-17,68.04
Italy,ITA,2017-11-18,58.22
Italy,ITA,2017-11-19,58.25
Italy,ITA,2017-11-20,67.49
Italy,ITA,2017-11-21,65.78
Italy,ITA,2017-11-22,68.45
Italy,ITA,2017-11-23,70.93
Italy,ITA,2017-11-24,67.6
Italy,ITA,2017-11-25,54.28
Italy,ITA,2017-11-26,50.32
Italy,ITA,2017-11-27,59.04
Italy,ITA,2017-11-28,74.89
Italy,ITA,2017-11-29,76.47
Italy,ITA,2017-11-30,69.4
Italy,ITA,2017-12-01,78.94
Italy,ITA,2017-12-02,68.89
Italy,ITA,2017-12-03,60.94
Italy,ITA,2017-12-04,81.18
Italy,ITA,2017-12-05,90.27
Italy,ITA,2017-12-06,87.55
Italy,ITA,2017-12-07,80.17
Italy,ITA,2017-12-08,66.24
Italy,ITA,2017-12-09,64.83
Italy,ITA,2017-12-10,57.4
Italy,ITA,2017-12-11,65.59
Italy,ITA,2017-12-12,74.98
Italy,ITA,2017-12-13,111.05
Italy,ITA,2017-12-14,75.92
Italy,ITA,2017-12-15,62.44
Italy,ITA,2017-12-16,58.02
Italy,ITA,2017-12-17,55.84
Italy,ITA,2017-12-18,67.65
Italy,ITA,2017-12-19,67.3
Italy,ITA,2017-12-20,77.5
Italy,ITA,2017-12-21,66.96
Italy,ITA,2017-12-22,65.49
Italy,ITA,2017-12-23,47.13
Italy,ITA,2017-12-24,51.45
Italy,ITA,2017-12-25,53.29
Italy,ITA,2017-12-26,48.11
Italy,ITA,2017-12-27,44.96
Italy,ITA,2017-12-28,47.05
Italy,ITA,2017-12-29,48.96
Italy,ITA,2017-12-30,46.06
Italy,ITA,2017-12-31,45.31
Italy,ITA,2018-01-01,44.13
Italy,ITA,2018-01-02,40.94
Italy,ITA,2018-01-03,51.93
Italy,ITA,2018-01-04,43.71
Italy,ITA,2018-01-05,52.52
Italy,ITA,2018-01-06,47.83
Italy,ITA,2018-01-07,44.81
Italy,ITA,2018-01-08,45.77
Italy,ITA,2018-01-09,55.74
Italy,ITA,2018-01-10,50.96
Italy,ITA,2018-01-11,54.2
Italy,ITA,2018-01-12,51.3
Italy,ITA,2018-01-13,48.12
Italy,ITA,2018-01-14,47.6
Italy,ITA,2018-01-15,51.47
Italy,ITA,2018-01-16,48.86
Italy,ITA,2018-01-17,44.64
Italy,ITA,2018-01-18,49.07
Italy,ITA,2018-01-19,50.96
Italy,ITA,2018-01-20,50.74
Italy,ITA,2018-01-21,39.92
Italy,ITA,2018-01-22,45.97
Italy,ITA,2018-01-23,51.67
Italy,ITA,2018-01-24,53.09
Italy,ITA,2018-01-25,54.16
Italy,ITA,2018-01-26,51.04
Italy,ITA,2018-01-27,48.02
Italy,ITA,2018-01-28,47.55
Italy,ITA,2018-01-29,50.66
Italy,ITA,2018-01-30,48.4
Italy,ITA,2018-01-31,52.09
Italy,ITA,2018-02-01,46.85
Italy,ITA,2018-02-02,48.5
Italy,ITA,2018-02-03,44.75
Italy,ITA,2018-02-04,45.46
Italy,ITA,2018-02-05,50.37
Italy,ITA,2018-02-06,52.47
Italy,ITA,2018-02-07,51.75
Italy,ITA,2018-02-08,55.07
Italy,ITA,2018-02-09,51.21
Italy,ITA,2018-02-10,47.98
Italy,ITA,2018-02-11,40.54
Italy,ITA,2018-02-12,50.82
Italy,ITA,2018-02-13,52.86
Italy,ITA,2018-02-14,53.85
Italy,ITA,2018-02-15,51.94
Italy,ITA,2018-02-16,58.14
Italy,ITA,2018-02-17,49.07
Italy,ITA,2018-02-18,48.18
Italy,ITA,2018-02-19,54.63
Italy,ITA,2018-02-20,55.14
Italy,ITA,2018-02-21,56.02
Italy,ITA,2018-02-22,60.99
Italy,ITA,2018-02-23,68.98
Italy,ITA,2018-02-24,69.09
Italy,ITA,2018-02-25,52.2
Italy,ITA,2018-02-26,88.79
Italy,ITA,2018-02-27,107.19
Italy,ITA,2018-02-28,84.55
Italy,ITA,2018-03-01,91.63
Italy,ITA,2018-03-02,97.36
Italy,ITA,2018-03-03,66.12
Italy,ITA,2018-03-04,53.21
Italy,ITA,2018-03-05,72.16
Italy,ITA,2018-03-06,57.6
Italy,ITA,2018-03-07,51.65
Italy,ITA,2018-03-08,51.96
Italy,ITA,2018-03-09,52.97
Italy,ITA,2018-03-10,48.38
Italy,ITA,2018-03-11,50.03
Italy,ITA,2018-03-12,43.14
Italy,ITA,2018-03-13,52.93
Italy,ITA,2018-03-14,53.66
Italy,ITA,2018-03-15,58.0
Italy,ITA,2018-03-16,53.67
Italy,ITA,2018-03-17,54.25
Italy,ITA,2018-03-18,45.09
Italy,ITA,2018-03-19,58.56
Italy,ITA,2018-03-20,60.88
Italy,ITA,2018-03-21,57.37
Italy,ITA,2018-03-22,65.8
Italy,ITA,2018-03-23,54.23
Italy,ITA,2018-03-24,50.43
Italy,ITA,2018-03-25,46.7
Italy,ITA,2018-03-26,59.13
Italy,ITA,2018-03-27,55.85
Italy,ITA,2018-03-28,53.75
Italy,ITA,2018-03-29,51.75
Italy,ITA,2018-03-30,53.17
Italy,ITA,2018-03-31,39.33
Italy,ITA,2018-04-01,32.56
Italy,ITA,2018-04-02,53.16
Italy,ITA,2018-04-03,52.89
Italy,ITA,2018-04-04,58.87
Italy,ITA,2018-04-05,52.14
Italy,ITA,2018-04-06,54.48
Italy,ITA,2018-04-07,49.82
Italy,ITA,2018-04-08,40.22
Italy,ITA,2018-04-09,55.64
Italy,ITA,2018-04-10,53.46
Italy,ITA,2018-04-11,57.52
Italy,ITA,2018-04-12,55.11
Italy,ITA,2018-04-13,55.18
Italy,ITA,2018-04-14,43.94
Italy,ITA,2018-04-15,48.13
Italy,ITA,2018-04-16,55.43
Italy,ITA,2018-04-17,51.99
Italy,ITA,2018-04-18,48.6
Italy,ITA,2018-04-19,45.57
Italy,ITA,2018-04-20,45.83
Italy,ITA,2018-04-21,49.19
Italy,ITA,2018-04-22,46.64
Italy,ITA,2018-04-23,48.43
Italy,ITA,2018-04-24,54.95
Italy,ITA,2018-04-25,41.74
Italy,ITA,2018-04-26,50.74
Italy,ITA,2018-04-27,46.9
Italy,ITA,2018-04-28,44.46
Italy,ITA,2018-04-29,41.46
Italy,ITA,2018-04-30,47.57
Italy,ITA,2018-05-01,41.48
Italy,ITA,2018-05-02,47.78
Italy,ITA,2018-05-03,49.04
Italy,ITA,2018-05-04,58.55
Italy,ITA,2018-05-05,50.51
Italy,ITA,2018-05-06,47.81
Italy,ITA,2018-05-07,49.71
Italy,ITA,2018-05-08,51.29
Italy,ITA,2018-05-09,56.01
Italy,ITA,2018-05-10,55.35
Italy,ITA,2018-05-11,58.61
Italy,ITA,2018-05-12,47.11
Italy,ITA,2018-05-13,37.02
Italy,ITA,2018-05-14,45.5
Italy,ITA,2018-05-15,53.03
Italy,ITA,2018-05-16,54.14
Italy,ITA,2018-05-17,61.61
Italy,ITA,2018-05-18,57.92
Italy,ITA,2018-05-19,51.11
Italy,ITA,2018-05-20,48.99
Italy,ITA,2018-05-21,67.0
Italy,ITA,2018-05-22,56.0
Italy,ITA,2018-05-23,58.18
Italy,ITA,2018-05-24,56.94
Italy,ITA,2018-05-25,58.16
Italy,ITA,2018-05-26,49.2
Italy,ITA,2018-05-27,45.36
Italy,ITA,2018-05-28,58.91
Italy,ITA,2018-05-29,61.63
Italy,ITA,2018-05-30,59.64
Italy,ITA,2018-05-31,64.79
Italy,ITA,2018-06-01,62.01
Italy,ITA,2018-06-02,54.03
Italy,ITA,2018-06-03,47.56
Italy,ITA,2018-06-04,64.34
Italy,ITA,2018-06-05,59.1
Italy,ITA,2018-06-06,58.87
Italy,ITA,2018-06-07,61.46
Italy,ITA,2018-06-08,60.3
Italy,ITA,2018-06-09,48.14
Italy,ITA,2018-06-10,51.94
Italy,ITA,2018-06-11,65.19
Italy,ITA,2018-06-12,59.16
Italy,ITA,2018-06-13,57.85
Italy,ITA,2018-06-14,60.68
Italy,ITA,2018-06-15,55.21
Italy,ITA,2018-06-16,52.27
Italy,ITA,2018-06-17,49.78
Italy,ITA,2018-06-18,56.7
Italy,ITA,2018-06-19,56.84
Italy,ITA,2018-06-20,61.83
Italy,ITA,2018-06-21,64.26
Italy,ITA,2018-06-22,62.52
Italy,ITA,2018-06-23,49.03
Italy,ITA,2018-06-24,52.31
Italy,ITA,2018-06-25,58.42
Italy,ITA,2018-06-26,55.15
Italy,ITA,2018-06-27,58.58
Italy,ITA,2018-06-28,59.67
Italy,ITA,2018-06-29,60.34
Italy,ITA,2018-06-30,54.56
Italy,ITA,2018-07-01,53.97
Italy,ITA,2018-07-02,59.16
Italy,ITA,2018-07-03,62.13
Italy,ITA,2018-07-04,72.15
Italy,ITA,2018-07-05,62.72
Italy,ITA,2018-07-06,63.18
Italy,ITA,2018-07-07,54.83
Italy,ITA,2018-07-08,54.62
Italy,ITA,2018-07-09,62.25
Italy,ITA,2018-07-10,66.2
Italy,ITA,2018-07-11,65.04
Italy,ITA,2018-07-12,65.68
Italy,ITA,2018-07-13,68.52
Italy,ITA,2018-07-14,59.35
Italy,ITA,2018-07-15,54.87
Italy,ITA,2018-07-16,64.04
Italy,ITA,2018-07-17,63.11
Italy,ITA,2018-07-18,68.58
Italy,ITA,2018-07-19,65.28
Italy,ITA,2018-07-20,68.48
Italy,ITA,2018-07-21,62.04
Italy,ITA,2018-07-22,51.85
Italy,ITA,2018-07-23,61.78
Italy,ITA,2018-07-24,61.16
Italy,ITA,2018-07-25,62.65
Italy,ITA,2018-07-26,65.27
Italy,ITA,2018-07-27,67.07
Italy,ITA,2018-07-28,62.99
Italy,ITA,2018-07-29,56.46
Italy,ITA,2018-07-30,70.59
Italy,ITA,2018-07-31,68.51
Italy,ITA,2018-08-01,72.69
Italy,ITA,2018-08-02,72.99
Italy,ITA,2018-08-03,72.53
Italy,ITA,2018-08-04,66.57
Italy,ITA,2018-08-05,67.16
Italy,ITA,2018-08-06,70.77
Italy,ITA,2018-08-07,69.65
Italy,ITA,2018-08-08,72.32
Italy,ITA,2018-08-09,67.12
Italy,ITA,2018-08-10,68.32
Italy,ITA,2018-08-11,62.86
Italy,ITA,2018-08-12,62.77
Italy,ITA,2018-08-13,63.49
Italy,ITA,2018-08-14,64.67
Italy,ITA,2018-08-15,65.01
Italy,ITA,2018-08-16,66.24
Italy,ITA,2018-08-17,63.68
Italy,ITA,2018-08-18,61.41
Italy,ITA,2018-08-19,61.34
Italy,ITA,2018-08-20,69.03
Italy,ITA,2018-08-21,69.38
Italy,ITA,2018-08-22,70.5
Italy,ITA,2018-08-23,69.26
Italy,ITA,2018-08-24,67.63
Italy,ITA,2018-08-25,65.3
Italy,ITA,2018-08-26,58.36
Italy,ITA,2018-08-27,65.85
Italy,ITA,2018-08-28,68.49
Italy,ITA,2018-08-29,70.59
Italy,ITA,2018-08-30,74.58
Italy,ITA,2018-08-31,73.09
Italy,ITA,2018-09-01,66.85
Italy,ITA,2018-09-02,64.17
Italy,ITA,2018-09-03,69.42
Italy,ITA,2018-09-04,70.8
Italy,ITA,2018-09-05,74.62
Italy,ITA,2018-09-06,74.45
Italy,ITA,2018-09-07,76.32
Italy,ITA,2018-09-08,69.98
Italy,ITA,2018-09-09,68.72
Italy,ITA,2018-09-10,89.34
Italy,ITA,2018-09-11,77.66
Italy,ITA,2018-09-12,88.31
Italy,ITA,2018-09-13,90.76
Italy,ITA,2018-09-14,83.22
Italy,ITA,2018-09-15,73.6
Italy,ITA,2018-09-16,67.43
Italy,ITA,2018-09-17,81.43
Italy,ITA,2018-09-18,81.27
Italy,ITA,2018-09-19,80.19
Italy,ITA,2018-09-20,80.94
Italy,ITA,2018-09-21,93.59
Italy,ITA,2018-09-22,77.01
Italy,ITA,2018-09-23,67.27
Italy,ITA,2018-09-24,79.14
Italy,ITA,2018-09-25,76.83
Italy,ITA,2018-09-26,78.85
Italy,ITA,2018-09-27,77.62
Italy,ITA,2018-09-28,75.01
Italy,ITA,2018-09-29,66.89
Italy,ITA,2018-09-30,65.53
Italy,ITA,2018-10-01,74.11
Italy,ITA,2018-10-02,79.64
Italy,ITA,2018-10-03,77.36
Italy,ITA,2018-10-04,77.14
Italy,ITA,2018-10-05,77.29
Italy,ITA,2018-10-06,79.57
Italy,ITA,2018-10-07,72.62
Italy,ITA,2018-10-08,78.35
Italy,ITA,2018-10-09,83.02
Italy,ITA,2018-10-10,78.32
Italy,ITA,2018-10-11,77.14
Italy,ITA,2018-10-12,73.5
Italy,ITA,2018-10-13,67.89
Italy,ITA,2018-10-14,62.26
Italy,ITA,2018-10-15,75.19
Italy,ITA,2018-10-16,79.14
Italy,ITA,2018-10-17,87.16
Italy,ITA,2018-10-18,76.23
Italy,ITA,2018-10-19,79.07
Italy,ITA,2018-10-20,69.1
Italy,ITA,2018-10-21,64.57
Italy,ITA,2018-10-22,75.48
Italy,ITA,2018-10-23,72.38
Italy,ITA,2018-10-24,74.75
Italy,ITA,2018-10-25,74.6
Italy,ITA,2018-10-26,72.9
Italy,ITA,2018-10-27,64.65
Italy,ITA,2018-10-28,55.94
Italy,ITA,2018-10-29,68.98
Italy,ITA,2018-10-30,71.8
Italy,ITA,2018-10-31,71.89
Italy,ITA,2018-11-01,60.58
Italy,ITA,2018-11-02,66.47
Italy,ITA,2018-11-03,60.61
Italy,ITA,2018-11-04,55.28
Italy,ITA,2018-11-05,63.02
Italy,ITA,2018-11-06,63.77
Italy,ITA,2018-11-07,61.09
Italy,ITA,2018-11-08,63.36
Italy,ITA,2018-11-09,63.35
Italy,ITA,2018-11-10,60.75
Italy,ITA,2018-11-11,59.75
Italy,ITA,2018-11-12,64.91
Italy,ITA,2018-11-13,65.74
Italy,ITA,2018-11-14,64.82
Italy,ITA,2018-11-15,66.66
Italy,ITA,2018-11-16,68.33
Italy,ITA,2018-11-17,65.17
Italy,ITA,2018-11-18,63.68
Italy,ITA,2018-11-19,74.43
Italy,ITA,2018-11-20,79.47
Italy,ITA,2018-11-21,75.23
Italy,ITA,2018-11-22,86.62
Italy,ITA,2018-11-23,79.58
Italy,ITA,2018-11-24,65.84
Italy,ITA,2018-11-25,59.53
Italy,ITA,2018-11-26,71.47
Italy,ITA,2018-11-27,72.15
Italy,ITA,2018-11-28,60.47
Italy,ITA,2018-11-29,63.98
Italy,ITA,2018-11-30,71.75
Italy,ITA,2018-12-01,69.13
Italy,ITA,2018-12-02,66.74
Italy,ITA,2018-12-03,66.85
Italy,ITA,2018-12-04,65.96
Italy,ITA,2018-12-05,65.58
Italy,ITA,2018-12-06,71.92
Italy,ITA,2018-12-07,68.88
Italy,ITA,2018-12-08,50.69
Italy,ITA,2018-12-09,53.51
Italy,ITA,2018-12-10,58.81
Italy,ITA,2018-12-11,65.33
Italy,ITA,2018-12-12,75.26
Italy,ITA,2018-12-13,74.36
Italy,ITA,2018-12-14,76.78
Italy,ITA,2018-12-15,64.98
Italy,ITA,2018-12-16,63.53
Italy,ITA,2018-12-17,72.28
Italy,ITA,2018-12-18,67.15
Italy,ITA,2018-12-19,77.01
Italy,ITA,2018-12-20,72.23
Italy,ITA,2018-12-21,68.68
Italy,ITA,2018-12-22,60.59
Italy,ITA,2018-12-23,62.31
Italy,ITA,2018-12-24,57.89
Italy,ITA,2018-12-25,47.67
Italy,ITA,2018-12-26,58.06
Italy,ITA,2018-12-27,65.03
Italy,ITA,2018-12-28,64.49
Italy,ITA,2018-12-29,60.98
Italy,ITA,2018-12-30,66.1
Italy,ITA,2018-12-31,58.81
Italy,ITA,2019-01-01,44.19
Italy,ITA,2019-01-02,58.8
Italy,ITA,2019-01-03,60.07
Italy,ITA,2019-01-04,67.9
Italy,ITA,2019-01-05,67.8
Italy,ITA,2019-01-06,58.95
Italy,ITA,2019-01-07,69.04
Italy,ITA,2019-01-08,76.07
Italy,ITA,2019-01-09,70.46
Italy,ITA,2019-01-10,72.06
Italy,ITA,2019-01-11,70.66
Italy,ITA,2019-01-12,66.31
Italy,ITA,2019-01-13,65.01
Italy,ITA,2019-01-14,65.29
Italy,ITA,2019-01-15,72.07
Italy,ITA,2019-01-16,72.09
Italy,ITA,2019-01-17,69.33
Italy,ITA,2019-01-18,71.39
Italy,ITA,2019-01-19,69.07
Italy,ITA,2019-01-20,65.67
Italy,ITA,2019-01-21,72.72
Italy,ITA,2019-01-22,71.76
Italy,ITA,2019-01-23,77.15
Italy,ITA,2019-01-24,83.27
Italy,ITA,2019-01-25,69.29
Italy,ITA,2019-01-26,61.49
Italy,ITA,2019-01-27,62.27
Italy,ITA,2019-01-28,61.31
Italy,ITA,2019-01-29,70.75
Italy,ITA,2019-01-30,70.89
Italy,ITA,2019-01-31,63.96
Italy,ITA,2019-02-01,64.85
Italy,ITA,2019-02-02,55.53
Italy,ITA,2019-02-03,54.95
Italy,ITA,2019-02-04,65.44
Italy,ITA,2019-02-05,58.85
Italy,ITA,2019-02-06,56.63
Italy,ITA,2019-02-07,64.78
Italy,ITA,2019-02-08,63.01
Italy,ITA,2019-02-09,65.34
Italy,ITA,2019-02-10,50.77
Italy,ITA,2019-02-11,51.51
Italy,ITA,2019-02-12,57.77
Italy,ITA,2019-02-13,54.14
Italy,ITA,2019-02-14,57.1
Italy,ITA,2019-02-15,55.26
Italy,ITA,2019-02-16,54.13
Italy,ITA,2019-02-17,56.46
Italy,ITA,2019-02-18,63.02
Italy,ITA,2019-02-19,58.43
Italy,ITA,2019-02-20,59.87
Italy,ITA,2019-02-21,62.28
Italy,ITA,2019-02-22,57.8
Italy,ITA,2019-02-23,50.44
Italy,ITA,2019-02-24,45.39
Italy,ITA,2019-02-25,57.83
Italy,ITA,2019-02-26,57.28
Italy,ITA,2019-02-27,55.35
Italy,ITA,2019-02-28,59.59
Italy,ITA,2019-03-01,54.95
Italy,ITA,2019-03-02,50.89
Italy,ITA,2019-03-03,52.73
Italy,ITA,2019-03-04,49.24
Italy,ITA,2019-03-05,58.67
Italy,ITA,2019-03-06,59.49
Italy,ITA,2019-03-07,54.18
Italy,ITA,2019-03-08,58.6
Italy,ITA,2019-03-09,53.19
Italy,ITA,2019-03-10,43.44
Italy,ITA,2019-03-11,47.88
Italy,ITA,2019-03-12,50.93
Italy,ITA,2019-03-13,59.79
Italy,ITA,2019-03-14,57.18
Italy,ITA,2019-03-15,57.5
Italy,ITA,2019-03-16,47.04
Italy,ITA,2019-03-17,55.73
Italy,ITA,2019-03-18,55.37
Italy,ITA,2019-03-19,61.09
Italy,ITA,2019-03-20,54.68
Italy,ITA,2019-03-21,51.17
Italy,ITA,2019-03-22,54.94
Italy,ITA,2019-03-23,46.62
Italy,ITA,2019-03-24,47.04
Italy,ITA,2019-03-25,49.52
Italy,ITA,2019-03-26,51.36
Italy,ITA,2019-03-27,50.86
Italy,ITA,2019-03-28,49.33
Italy,ITA,2019-03-29,55.8
Italy,ITA,2019-03-30,49.4
Italy,ITA,2019-03-31,49.21
Italy,ITA,2019-04-01,60.05
Italy,ITA,2019-04-02,57.47
Italy,ITA,2019-04-03,60.18
Italy,ITA,2019-04-04,56.51
Italy,ITA,2019-04-05,53.23
Italy,ITA,2019-04-06,52.69
Italy,ITA,2019-04-07,52.24
Italy,ITA,2019-04-08,55.84
Italy,ITA,2019-04-09,57.31
Italy,ITA,2019-04-10,60.82
Italy,ITA,2019-04-11,61.64
Italy,ITA,2019-04-12,61.15
Italy,ITA,2019-04-13,55.86
Italy,ITA,2019-04-14,55.43
Italy,ITA,2019-04-15,55.53
Italy,ITA,2019-04-16,58.56
Italy,ITA,2019-04-17,59.22
Italy,ITA,2019-04-18,55.11
Italy,ITA,2019-04-19,51.43
Italy,ITA,2019-04-20,45.91
Italy,ITA,2019-04-21,38.63
Italy,ITA,2019-04-22,35.68
Italy,ITA,2019-04-23,60.18
Italy,ITA,2019-04-24,55.87
Italy,ITA,2019-04-25,45.56
Italy,ITA,2019-04-26,51.84
Italy,ITA,2019-04-27,45.33
Italy,ITA,2019-04-28,37.82
Italy,ITA,2019-04-29,51.86
Italy,ITA,2019-04-30,52.97
Italy,ITA,2019-05-01,46.12
Italy,ITA,2019-05-02,60.54
Italy,ITA,2019-05-03,60.3
Italy,ITA,2019-05-04,57.2
Italy,ITA,2019-05-05,40.75
Italy,ITA,2019-05-06,52.83
Italy,ITA,2019-05-07,58.38
Italy,ITA,2019-05-08,62.13
Italy,ITA,2019-05-09,56.89
Italy,ITA,2019-05-10,56.6
Italy,ITA,2019-05-11,52.43
Italy,ITA,2019-05-12,45.59
Italy,ITA,2019-05-13,57.32
Italy,ITA,2019-05-14,54.06
Italy,ITA,2019-05-15,55.91
Italy,ITA,2019-05-16,53.66
Italy,ITA,2019-05-17,53.08
Italy,ITA,2019-05-18,46.75
Italy,ITA,2019-05-19,43.22
Italy,ITA,2019-05-20,49.35
Italy,ITA,2019-05-21,47.8
Italy,ITA,2019-05-22,50.91
Italy,ITA,2019-05-23,49.82
Italy,ITA,2019-05-24,47.59
Italy,ITA,2019-05-25,44.46
Italy,ITA,2019-05-26,42.35
Italy,ITA,2019-05-27,45.3
Italy,ITA,2019-05-28,43.97
Italy,ITA,2019-05-29,41.66
Italy,ITA,2019-05-30,45.56
Italy,ITA,2019-05-31,48.32
Italy,ITA,2019-06-01,39.02
Italy,ITA,2019-06-02,33.82
Italy,ITA,2019-06-03,47.37
Italy,ITA,2019-06-04,42.95
Italy,ITA,2019-06-05,47.35
Italy,ITA,2019-06-06,50.64
Italy,ITA,2019-06-07,52.49
Italy,ITA,2019-06-08,46.93
Italy,ITA,2019-06-09,39.62
Italy,ITA,2019-06-10,50.67
Italy,ITA,2019-06-11,49.49
Italy,ITA,2019-06-12,51.16
Italy,ITA,2019-06-13,49.94
Italy,ITA,2019-06-14,50.76
Italy,ITA,2019-06-15,42.45
Italy,ITA,2019-06-16,40.24
Italy,ITA,2019-06-17,49.59
Italy,ITA,2019-06-18,54.39
Italy,ITA,2019-06-19,56.69
Italy,ITA,2019-06-20,55.93
Italy,ITA,2019-06-21,51.78
Italy,ITA,2019-06-22,43.56
Italy,ITA,2019-06-23,40.94
Italy,ITA,2019-06-24,48.33
Italy,ITA,2019-06-25,49.18
Italy,ITA,2019-06-26,59.15
Italy,ITA,2019-06-27,64.99
Italy,ITA,2019-06-28,55.27
Italy,ITA,2019-06-29,47.62
Italy,ITA,2019-06-30,45.38
Italy,ITA,2019-07-01,63.33
Italy,ITA,2019-07-02,63.8
Italy,ITA,2019-07-03,61.69
Italy,ITA,2019-07-04,57.75
Italy,ITA,2019-07-05,57.08
Italy,ITA,2019-07-06,50.53
Italy,ITA,2019-07-07,42.43
Italy,ITA,2019-07-08,52.19
Italy,ITA,2019-07-09,54.82
Italy,ITA,2019-07-10,51.01
Italy,ITA,2019-07-11,54.24
Italy,ITA,2019-07-12,55.65
Italy,ITA,2019-07-13,45.35
Italy,ITA,2019-07-14,41.43
Italy,ITA,2019-07-15,52.68
Italy,ITA,2019-07-16,46.51
Italy,ITA,2019-07-17,48.33
Italy,ITA,2019-07-18,49.87
Italy,ITA,2019-07-19,55.03
Italy,ITA,2019-07-20,44.24
Italy,ITA,2019-07-21,43.47
Italy,ITA,2019-07-22,54.09
Italy,ITA,2019-07-23,53.72
Italy,ITA,2019-07-24,59.71
Italy,ITA,2019-07-25,62.31
Italy,ITA,2019-07-26,62.53
Italy,ITA,2019-07-27,48.72
Italy,ITA,2019-07-28,36.69
Italy,ITA,2019-07-29,49.06
Italy,ITA,2019-07-30,49.88
Italy,ITA,2019-07-31,54.63
Italy,ITA,2019-08-01,50.57
Italy,ITA,2019-08-02,48.24
Italy,ITA,2019-08-03,45.59
Italy,ITA,2019-08-04,44.07
Italy,ITA,2019-08-05,49.99
Italy,ITA,2019-08-06,49.74
Italy,ITA,2019-08-07,51.38
Italy,ITA,2019-08-08,50.56
Italy,ITA,2019-08-09,50.93
Italy,ITA,2019-08-10,52.73
Italy,ITA,2019-08-11,53.88
Italy,ITA,2019-08-12,58.64
Italy,ITA,2019-08-13,48.32
Italy,ITA,2019-08-14,40.41
Italy,ITA,2019-08-15,37.7
Italy,ITA,2019-08-16,42.68
Italy,ITA,2019-08-17,41.19
Italy,ITA,2019-08-18,39.15
Italy,ITA,2019-08-19,46.85
Italy,ITA,2019-08-20,46.76
Italy,ITA,2019-08-21,46.22
Italy,ITA,2019-08-22,46.04
Italy,ITA,2019-08-23,47.7
Italy,ITA,2019-08-24,44.99
Italy,ITA,2019-08-25,44.02
Italy,ITA,2019-08-26,53.26
Italy,ITA,2019-08-27,62.28
Italy,ITA,2019-08-28,69.62
Italy,ITA,2019-08-29,65.46
Italy,ITA,2019-08-30,60.2
Italy,ITA,2019-08-31,49.44
Italy,ITA,2019-09-01,49.37
Italy,ITA,2019-09-02,61.32
Italy,ITA,2019-09-03,52.81
Italy,ITA,2019-09-04,50.02
Italy,ITA,2019-09-05,52.88
Italy,ITA,2019-09-06,52.29
Italy,ITA,2019-09-07,41.28
Italy,ITA,2019-09-08,38.27
Italy,ITA,2019-09-09,45.99
Italy,ITA,2019-09-10,50.64
Italy,ITA,2019-09-11,48.45
Italy,ITA,2019-09-12,48.37
Italy,ITA,2019-09-13,49.03
Italy,ITA,2019-09-14,44.22
Italy,ITA,2019-09-15,43.41
Italy,ITA,2019-09-16,54.11
Italy,ITA,2019-09-17,50.78
Italy,ITA,2019-09-18,57.24
Italy,ITA,2019-09-19,61.66
Italy,ITA,2019-09-20,54.01
Italy,ITA,2019-09-21,43.72
Italy,ITA,2019-09-22,45.37
Italy,ITA,2019-09-23,52.22
Italy,ITA,2019-09-24,55.31
Italy,ITA,2019-09-25,60.04
Italy,ITA,2019-09-26,56.48
Italy,ITA,2019-09-27,63.33
Italy,ITA,2019-09-28,52.0
Italy,ITA,2019-09-29,44.79
Italy,ITA,2019-09-30,55.94
Italy,ITA,2019-10-01,60.29
Italy,ITA,2019-10-02,60.91
Italy,ITA,2019-10-03,55.52
Italy,ITA,2019-10-04,59.7
Italy,ITA,2019-10-05,50.5
Italy,ITA,2019-10-06,43.65
Italy,ITA,2019-10-07,61.39
Italy,ITA,2019-10-08,60.85
Italy,ITA,2019-10-09,58.22
Italy,ITA,2019-10-10,56.55
Italy,ITA,2019-10-11,60.04
Italy,ITA,2019-10-12,47.75
Italy,ITA,2019-10-13,46.05
Italy,ITA,2019-10-14,60.68
Italy,ITA,2019-10-15,59.12
Italy,ITA,2019-10-16,58.05
Italy,ITA,2019-10-17,61.12
Italy,ITA,2019-10-18,62.91
Italy,ITA,2019-10-19,52.64
Italy,ITA,2019-10-20,43.75
Italy,ITA,2019-10-21,51.63
Italy,ITA,2019-10-22,50.01
Italy,ITA,2019-10-23,49.23
Italy,ITA,2019-10-24,46.9
Italy,ITA,2019-10-25,43.29
Italy,ITA,2019-10-26,40.37
Italy,ITA,2019-10-27,40.99
Italy,ITA,2019-10-28,49.15
Italy,ITA,2019-10-29,49.6
Italy,ITA,2019-10-30,50.07
Italy,ITA,2019-10-31,47.3
Italy,ITA,2019-11-01,41.97
Italy,ITA,2019-11-02,41.67
Italy,ITA,2019-11-03,27.48
Italy,ITA,2019-11-04,36.14
Italy,ITA,2019-11-05,41.46
Italy,ITA,2019-11-06,51.83
Italy,ITA,2019-11-07,44.84
Italy,ITA,2019-11-08,49.98
Italy,ITA,2019-11-09,43.16
Italy,ITA,2019-11-10,41.57
Italy,ITA,2019-11-11,46.98
Italy,ITA,2019-11-12,50.66
Italy,ITA,2019-11-13,54.77
Italy,ITA,2019-11-14,55.17
Italy,ITA,2019-11-15,55.13
Italy,ITA,2019-11-16,46.85
Italy,ITA,2019-11-17,42.5
Italy,ITA,2019-11-18,56.75
Italy,ITA,2019-11-19,61.09
Italy,ITA,2019-11-20,57.81
Italy,ITA,2019-11-21,56.02
Italy,ITA,2019-11-22,52.01
Italy,ITA,2019-11-23,44.81
Italy,ITA,2019-11-24,42.02
Italy,ITA,2019-11-25,52.04
Italy,ITA,2019-11-26,52.17
Italy,ITA,2019-11-27,47.21
Italy,ITA,2019-11-28,51.4
Italy,ITA,2019-11-29,49.07
Italy,ITA,2019-11-30,50.5
Italy,ITA,2019-12-01,46.57
Italy,ITA,2019-12-02,52.41
Italy,ITA,2019-12-03,56.13
Italy,ITA,2019-12-04,55.54
Italy,ITA,2019-12-05,57.19
Italy,ITA,2019-12-06,53.38
Italy,ITA,2019-12-07,51.07
Italy,ITA,2019-12-08,48.01
Italy,ITA,2019-12-09,47.34
Italy,ITA,2019-12-10,48.7
Italy,ITA,2019-12-11,51.31
Italy,ITA,2019-12-12,52.45
Italy,ITA,2019-12-13,47.89
Italy,ITA,2019-12-14,41.95
Italy,ITA,2019-12-15,40.87
Italy,ITA,2019-12-16,48.17
Italy,ITA,2019-12-17,46.48
Italy,ITA,2019-12-18,44.02
Italy,ITA,2019-12-19,49.81
Italy,ITA,2019-12-20,40.65
Italy,ITA,2019-12-21,29.91
Italy,ITA,2019-12-22,26.3
Italy,ITA,2019-12-23,28.34
Italy,ITA,2019-12-24,27.87
Italy,ITA,2019-12-25,22.71
Italy,ITA,2019-12-26,34.98
Italy,ITA,2019-12-27,46.01
Italy,ITA,2019-12-28,34.93
Italy,ITA,2019-12-29,30.88
Italy,ITA,2019-12-30,37.54
Italy,ITA,2019-12-31,44.13
Italy,ITA,2020-01-01,35.53
Italy,ITA,2020-01-02,45.75
Italy,ITA,2020-01-03,44.22
Italy,ITA,2020-01-04,44.41
Italy,ITA,2020-01-05,37.44
Italy,ITA,2020-01-06,40.35
Italy,ITA,2020-01-07,52.74
Italy,ITA,2020-01-08,48.16
Italy,ITA,2020-01-09,55.29
Italy,ITA,2020-01-10,53.13
Italy,ITA,2020-01-11,45.16
Italy,ITA,2020-01-12,45.08
Italy,ITA,2020-01-13,54.44
Italy,ITA,2020-01-14,56.4
Italy,ITA,2020-01-15,54.59
Italy,ITA,2020-01-16,50.23
Italy,ITA,2020-01-17,51.87
Italy,ITA,2020-01-18,46.65
Italy,ITA,2020-01-19,42.76
Italy,ITA,2020-01-20,46.03
Italy,ITA,2020-01-21,47.72
Italy,ITA,2020-01-22,50.77
Italy,ITA,2020-01-23,51.65
Italy,ITA,2020-01-24,51.77
Italy,ITA,2020-01-25,45.81
Italy,ITA,2020-01-26,45.26
Italy,ITA,2020-01-27,48.12
Italy,ITA,2020-01-28,45.12
Italy,ITA,2020-01-29,44.65
Italy,ITA,2020-01-30,45.42
Italy,ITA,2020-01-31,44.88
Italy,ITA,2020-02-01,40.41
Italy,ITA,2020-02-02,38.42
Italy,ITA,2020-02-03,37.97
Italy,ITA,2020-02-04,39.76
Italy,ITA,2020-02-05,39.15
Italy,ITA,2020-02-06,40.97
Italy,ITA,2020-02-07,48.0
Italy,ITA,2020-02-08,41.22
Italy,ITA,2020-02-09,36.51
Italy,ITA,2020-02-10,38.46
Italy,ITA,2020-02-11,38.8
Italy,ITA,2020-02-12,43.02
Italy,ITA,2020-02-13,41.98
Italy,ITA,2020-02-14,38.26
Italy,ITA,2020-02-15,36.39
Italy,ITA,2020-02-16,36.32
Italy,ITA,2020-02-17,40.56
Italy,ITA,2020-02-18,39.55
Italy,ITA,2020-02-19,39.95
Italy,ITA,2020-02-20,39.05
Italy,ITA,2020-02-21,46.02
Italy,ITA,2020-02-22,37.65
Italy,ITA,2020-02-23,31.87
Italy,ITA,2020-02-24,38.98
Italy,ITA,2020-02-25,39.89
Italy,ITA,2020-02-26,35.03
Italy,ITA,2020-02-27,38.89
Italy,ITA,2020-02-28,41.08
Italy,ITA,2020-02-29,34.72
Italy,ITA,2020-03-01,24.74
Italy,ITA,2020-03-02,35.32
Italy,ITA,2020-03-03,38.3
Italy,ITA,2020-03-04,42.37
Italy,ITA,2020-03-05,45.2
Italy,ITA,2020-03-06,37.09
Italy,ITA,2020-03-07,39.53
Italy,ITA,2020-03-08,23.3
Italy,ITA,2020-03-09,43.59
Italy,ITA,2020-03-10,39.71
Italy,ITA,2020-03-11,39.74
Italy,ITA,2020-03-12,39.19
Italy,ITA,2020-03-13,34.58
Italy,ITA,2020-03-14,35.63
Italy,ITA,2020-03-15,20.74
Italy,ITA,2020-03-16,33.47
Italy,ITA,2020-03-17,33.66
Italy,ITA,2020-03-18,29.3
Italy,ITA,2020-03-19,30.88
Italy,ITA,2020-03-20,30.55
Italy,ITA,2020-03-21,26.58
Italy,ITA,2020-03-22,24.17
Italy,ITA,2020-03-23,17.47
Italy,ITA,2020-03-24,27.08
Italy,ITA,2020-03-25,25.46
Italy,ITA,2020-03-26,24.42
Italy,ITA,2020-03-27,30.32
Italy,ITA,2020-03-28,31.46
Italy,ITA,2020-03-29,28.76
Italy,ITA,2020-03-30,33.7
Italy,ITA,2020-03-31,24.97
Italy,ITA,2020-04-01,25.6
Italy,ITA,2020-04-02,29.5
Italy,ITA,2020-04-03,27.39
Italy,ITA,2020-04-04,18.9
Italy,ITA,2020-04-05,17.67
Italy,ITA,2020-04-06,29.51
Italy,ITA,2020-04-07,30.61
Italy,ITA,2020-04-08,27.59
Italy,ITA,2020-04-09,25.86
Italy,ITA,2020-04-10,22.7
Italy,ITA,2020-04-11,23.42
Italy,ITA,2020-04-12,15.69
Italy,ITA,2020-04-13,13.96
Italy,ITA,2020-04-14,25.29
Italy,ITA,2020-04-15,19.99
Italy,ITA,2020-04-16,23.89
Italy,ITA,2020-04-17,30.63
Italy,ITA,2020-04-18,28.71
Italy,ITA,2020-04-19,24.15
Italy,ITA,2020-04-20,30.18
Italy,ITA,2020-04-21,28.58
Italy,ITA,2020-04-22,31.73
Italy,ITA,2020-04-23,26.94
Italy,ITA,2020-04-24,27.37
Italy,ITA,2020-04-25,14.21
Italy,ITA,2020-04-26,22.13
Italy,ITA,2020-04-27,31.18
Italy,ITA,2020-04-28,25.23
Italy,ITA,2020-04-29,20.63
Italy,ITA,2020-04-30,24.73
Italy,ITA,2020-05-01,10.0
Italy,ITA,2020-05-02,14.95
Italy,ITA,2020-05-03,14.8
Italy,ITA,2020-05-04,29.75
Italy,ITA,2020-05-05,25.06
Italy,ITA,2020-05-06,25.93
Italy,ITA,2020-05-07,22.24
Italy,ITA,2020-05-08,23.17
Italy,ITA,2020-05-09,25.64
Italy,ITA,2020-05-10,19.82
Italy,ITA,2020-05-11,23.88
Italy,ITA,2020-05-12,23.2
Italy,ITA,2020-05-13,27.92
Italy,ITA,2020-05-14,22.52
Italy,ITA,2020-05-15,21.72
Italy,ITA,2020-05-16,20.63
Italy,ITA,2020-05-17,18.46
Italy,ITA,2020-05-18,25.17
Italy,ITA,2020-05-19,27.33
Italy,ITA,2020-05-20,24.21
Italy,ITA,2020-05-21,17.82
Italy,ITA,2020-05-22,20.87
Italy,ITA,2020-05-23,18.29
Italy,ITA,2020-05-24,11.77
Italy,ITA,2020-05-25,18.93
Italy,ITA,2020-05-26,24.17
Italy,ITA,2020-05-27,21.26
Italy,ITA,2020-05-28,21.46
Italy,ITA,2020-05-29,28.2
Italy,ITA,2020-05-30,24.84
Italy,ITA,2020-05-31,21.22
Italy,ITA,2020-06-01,19.39
Italy,ITA,2020-06-02,21.17
Italy,ITA,2020-06-03,26.45
Italy,ITA,2020-06-04,24.26
Italy,ITA,2020-06-05,23.64
Italy,ITA,2020-06-06,17.23
Italy,ITA,2020-06-07,20.42
Italy,ITA,2020-06-08,31.52
Italy,ITA,2020-06-09,30.06
Italy,ITA,2020-06-10,27.81
Italy,ITA,2020-06-11,25.22
Italy,ITA,2020-06-12,26.25
Italy,ITA,2020-06-13,23.48
Italy,ITA,2020-06-14,19.81
Italy,ITA,2020-06-15,31.79
Italy,ITA,2020-06-16,31.54
Italy,ITA,2020-06-17,31.21
Italy,ITA,2020-06-18,30.07
Italy,ITA,2020-06-19,31.7
Italy,ITA,2020-06-20,26.05
Italy,ITA,2020-06-21,20.02
Italy,ITA,2020-06-22,30.58
Italy,ITA,2020-06-23,31.77
Italy,ITA,2020-06-24,35.49
Italy,ITA,2020-06-25,38.2
Italy,ITA,2020-06-26,37.2
Italy,ITA,2020-06-27,29.43
Italy,ITA,2020-06-28,28.48
Italy,ITA,2020-06-29,32.39
Italy,ITA,2020-06-30,39.11
Italy,ITA,2020-07-01,44.47
Italy,ITA,2020-07-02,44.93
Italy,ITA,2020-07-03,39.13
Italy,ITA,2020-07-04,31.26
Italy,ITA,2020-07-05,23.21
Italy,ITA,2020-07-06,33.24
Italy,ITA,2020-07-07,34.27
Italy,ITA,2020-07-08,42.06
Italy,ITA,2020-07-09,41.09
Italy,ITA,2020-07-10,39.4
Italy,ITA,2020-07-11,31.53
Italy,ITA,2020-07-12,27.72
Italy,ITA,2020-07-13,35.78
Italy,ITA,2020-07-14,37.56
Italy,ITA,2020-07-15,40.72
Italy,ITA,2020-07-16,41.22
Italy,ITA,2020-07-17,37.98
Italy,ITA,2020-07-18,30.84
Italy,ITA,2020-07-19,28.74
Italy,ITA,2020-07-20,37.31
Italy,ITA,2020-07-21,38.47
Italy,ITA,2020-07-22,39.97
Italy,ITA,2020-07-23,41.75
Italy,ITA,2020-07-24,36.64
Italy,ITA,2020-07-25,29.68
Italy,ITA,2020-07-26,28.22
Italy,ITA,2020-07-27,40.14
Italy,ITA,2020-07-28,41.85
Italy,ITA,2020-07-29,51.8
Italy,ITA,2020-07-30,50.0
Italy,ITA,2020-07-31,57.17
Italy,ITA,2020-08-01,36.66
Italy,ITA,2020-08-02,34.16
Italy,ITA,2020-08-03,40.13
Italy,ITA,2020-08-04,38.46
Italy,ITA,2020-08-05,42.03
Italy,ITA,2020-08-06,37.95
Italy,ITA,2020-08-07,38.57
Italy,ITA,2020-08-08,33.26
Italy,ITA,2020-08-09,30.24
Italy,ITA,2020-08-10,40.83
Italy,ITA,2020-08-11,41.44
Italy,ITA,2020-08-12,42.72
Italy,ITA,2020-08-13,41.16
Italy,ITA,2020-08-14,38.72
Italy,ITA,2020-08-15,33.02
Italy,ITA,2020-08-16,33.81
Italy,ITA,2020-08-17,42.5
Italy,ITA,2020-08-18,44.28
Italy,ITA,2020-08-19,44.39
Italy,ITA,2020-08-20,43.87
Italy,ITA,2020-08-21,40.77
Italy,ITA,2020-08-22,38.79
Italy,ITA,2020-08-23,27.88
Italy,ITA,2020-08-24,46.34
Italy,ITA,2020-08-25,41.09
Italy,ITA,2020-08-26,48.83
Italy,ITA,2020-08-27,51.87
Italy,ITA,2020-08-28,46.87
Italy,ITA,2020-08-29,39.64
Italy,ITA,2020-08-30,34.5
Italy,ITA,2020-08-31,54.71
Italy,ITA,2020-09-01,49.4
Italy,ITA,2020-09-02,50.57
Italy,ITA,2020-09-03,47.53
Italy,ITA,2020-09-04,44.87
Italy,ITA,2020-09-05,38.29
Italy,ITA,2020-09-06,37.48
Italy,ITA,2020-09-07,48.86
Italy,ITA,2020-09-08,48.33
Italy,ITA,2020-09-09,51.06
Italy,ITA,2020-09-10,52.43
Italy,ITA,2020-09-11,56.82
Italy,ITA,2020-09-12,41.5
Italy,ITA,2020-09-13,37.24
Italy,ITA,2020-09-14,54.96
Italy,ITA,2020-09-15,71.64
Italy,ITA,2020-09-16,59.08
Italy,ITA,2020-09-17,52.03
Italy,ITA,2020-09-18,46.09
Italy,ITA,2020-09-19,42.12
Italy,ITA,2020-09-20,42.04
Italy,ITA,2020-09-21,60.25
Italy,ITA,2020-09-22,57.66
Italy,ITA,2020-09-23,51.47
Italy,ITA,2020-09-24,49.12
Italy,ITA,2020-09-25,48.59
Italy,ITA,2020-09-26,33.66
Italy,ITA,2020-09-27,34.96
Italy,ITA,2020-09-28,48.3
Italy,ITA,2020-09-29,55.68
Italy,ITA,2020-09-30,51.18
Italy,ITA,2020-10-01,45.82
Italy,ITA,2020-10-02,42.21
Italy,ITA,2020-10-03,31.07
Italy,ITA,2020-10-04,19.64
Italy,ITA,2020-10-05,38.02
Italy,ITA,2020-10-06,40.59
Italy,ITA,2020-10-07,40.49
Italy,ITA,2020-10-08,38.86
Italy,ITA,2020-10-09,47.39
Italy,ITA,2020-10-10,38.6
Italy,ITA,2020-10-11,34.95
Italy,ITA,2020-10-12,49.06
Italy,ITA,2020-10-13,47.83
Italy,ITA,2020-10-14,52.29
Italy,ITA,2020-10-15,45.24
Italy,ITA,2020-10-16,49.77
Italy,ITA,2020-10-17,45.75
Italy,ITA,2020-10-18,43.75
Italy,ITA,2020-10-19,51.96
Italy,ITA,2020-10-20,49.6
Italy,ITA,2020-10-21,47.01
Italy,ITA,2020-10-22,51.26
Italy,ITA,2020-10-23,48.22
Italy,ITA,2020-10-24,44.56
Italy,ITA,2020-10-25,33.12
Italy,ITA,2020-10-26,41.71
Italy,ITA,2020-10-27,48.73
Italy,ITA,2020-10-28,49.83
Italy,ITA,2020-10-29,46.22
Italy,ITA,2020-10-30,46.34
Italy,ITA,2020-10-31,40.15
Italy,ITA,2020-11-01,37.06
Italy,ITA,2020-11-02,44.89
Italy,ITA,2020-11-03,45.48
Italy,ITA,2020-11-04,44.56
Italy,ITA,2020-11-05,43.43
Italy,ITA,2020-11-06,42.92
Italy,ITA,2020-11-07,40.01
Italy,ITA,2020-11-08,41.69
Italy,ITA,2020-11-09,46.09
Italy,ITA,2020-11-10,50.44
Italy,ITA,2020-11-11,48.15
Italy,ITA,2020-11-12,57.75
Italy,ITA,2020-11-13,51.45
Italy,ITA,2020-11-14,48.07
Italy,ITA,2020-11-15,44.56
Italy,ITA,2020-11-16,52.28
Italy,ITA,2020-11-17,46.36
Italy,ITA,2020-11-18,48.43
Italy,ITA,2020-11-19,47.15
Italy,ITA,2020-11-20,49.66
Italy,ITA,2020-11-21,41.0
Italy,ITA,2020-11-22,40.86
Italy,ITA,2020-11-23,54.89
Italy,ITA,2020-11-24,55.23
Italy,ITA,2020-11-25,55.47
Italy,ITA,2020-11-26,57.88
Italy,ITA,2020-11-27,68.78
Italy,ITA,2020-11-28,53.94
Italy,ITA,2020-11-29,47.15
Italy,ITA,2020-11-30,57.37
Italy,ITA,2020-12-01,58.86
Italy,ITA,2020-12-02,72.31
Italy,ITA,2020-12-03,64.71
Italy,ITA,2020-12-04,59.2
Italy,ITA,2020-12-05,51.11
Italy,ITA,2020-12-06,46.5
Italy,ITA,2020-12-07,55.12
Italy,ITA,2020-12-08,58.12
Italy,ITA,2020-12-09,71.81
Italy,ITA,2020-12-10,68.24
Italy,ITA,2020-12-11,57.8
Italy,ITA,2020-12-12,52.59
Italy,ITA,2020-12-13,43.38
Italy,ITA,2020-12-14,52.75
Italy,ITA,2020-12-15,58.0
Italy,ITA,2020-12-16,65.27
Italy,ITA,2020-12-17,68.23
Italy,ITA,2020-12-18,64.9
Italy,ITA,2020-12-19,56.98
Italy,ITA,2020-12-20,46.88
Italy,ITA,2020-12-21,57.02
Italy,ITA,2020-12-22,56.19
Italy,ITA,2020-12-23,51.3
Italy,ITA,2020-12-24,39.71
Italy,ITA,2020-12-25,33.55
Italy,ITA,2020-12-26,37.57
Italy,ITA,2020-12-27,35.83
Italy,ITA,2020-12-28,42.13
Italy,ITA,2020-12-29,49.77
Italy,ITA,2020-12-30,51.39
Italy,ITA,2020-12-31,49.31
Italy,ITA,2021-01-01,47.99
Italy,ITA,2021-01-02,51.23
Italy,ITA,2021-01-03,47.93
Italy,ITA,2021-01-04,59.31
Italy,ITA,2021-01-05,59.24
Italy,ITA,2021-01-06,58.37
Italy,ITA,2021-01-07,71.94
Italy,ITA,2021-01-08,76.03
Italy,ITA,2021-01-09,60.62
Italy,ITA,2021-01-10,57.14
Italy,ITA,2021-01-11,67.19
Italy,ITA,2021-01-12,68.28
Italy,ITA,2021-01-13,74.05
Italy,ITA,2021-01-14,75.86
Italy,ITA,2021-01-15,72.18
Italy,ITA,2021-01-16,57.27
Italy,ITA,2021-01-17,58.15
Italy,ITA,2021-01-18,69.95
Italy,ITA,2021-01-19,70.13
Italy,ITA,2021-01-20,62.91
Italy,ITA,2021-01-21,60.9
Italy,ITA,2021-01-22,60.11
Italy,ITA,2021-01-23,52.64
Italy,ITA,2021-01-24,48.62
Italy,ITA,2021-01-25,59.75
Italy,ITA,2021-01-26,62.8
Italy,ITA,2021-01-27,60.59
Italy,ITA,2021-01-28,60.33
Italy,ITA,2021-01-29,54.02
Italy,ITA,2021-01-30,49.68
Italy,ITA,2021-01-31,46.38
Italy,ITA,2021-02-01,60.53
Italy,ITA,2021-02-02,59.1
Italy,ITA,2021-02-03,57.14
Italy,ITA,2021-02-04,54.62
Italy,ITA,2021-02-05,62.99
Italy,ITA,2021-02-06,56.33
Italy,ITA,2021-02-07,36.54
Italy,ITA,2021-02-08,48.21
Italy,ITA,2021-02-09,59.15
Italy,ITA,2021-02-10,63.78
Italy,ITA,2021-02-11,69.15
Italy,ITA,2021-02-12,66.41
Italy,ITA,2021-02-13,58.05
Italy,ITA,2021-02-14,45.34
Italy,ITA,2021-02-15,58.75
Italy,ITA,2021-02-16,61.75
Italy,ITA,2021-02-17,63.13
Italy,ITA,2021-02-18,60.6
Italy,ITA,2021-02-19,61.67
Italy,ITA,2021-02-20,54.25
Italy,ITA,2021-02-21,43.24
Italy,ITA,2021-02-22,56.55
Italy,ITA,2021-02-23,57.13
Italy,ITA,2021-02-24,54.73
Italy,ITA,2021-02-25,59.2
Italy,ITA,2021-02-26,61.29
Italy,ITA,2021-02-27,51.45
Italy,ITA,2021-02-28,42.76
Italy,ITA,2021-03-01,56.19
Italy,ITA,2021-03-02,61.36
Italy,ITA,2021-03-03,62.47
Italy,ITA,2021-03-04,61.7
Italy,ITA,2021-03-05,58.14
Italy,ITA,2021-03-06,55.66
Italy,ITA,2021-03-07,53.23
Italy,ITA,2021-03-08,63.53
Italy,ITA,2021-03-09,64.02
Italy,ITA,2021-03-10,55.37
Italy,ITA,2021-03-11,61.5
Italy,ITA,2021-03-12,60.55
Italy,ITA,2021-03-13,56.19
Italy,ITA,2021-03-14,43.85
Italy,ITA,2021-03-15,53.92
Italy,ITA,2021-03-16,62.51
Italy,ITA,2021-03-17,60.84
Italy,ITA,2021-03-18,71.98
Italy,ITA,2021-03-19,64.0
Italy,ITA,2021-03-20,65.24
Italy,ITA,2021-03-21,54.92
Italy,ITA,2021-03-22,63.09
Italy,ITA,2021-03-23,61.49
Italy,ITA,2021-03-24,62.18
Italy,ITA,2021-03-25,66.06
Italy,ITA,2021-03-26,65.68
Italy,ITA,2021-03-27,58.14
Italy,ITA,2021-03-28,62.87
Italy,ITA,2021-03-29,63.09
Italy,ITA,2021-03-30,62.26
Italy,ITA,2021-03-31,60.71
Italy,ITA,2021-04-01,61.27
Italy,ITA,2021-04-02,56.56
Italy,ITA,2021-04-03,59.06
Italy,ITA,2021-04-04,40.4
Italy,ITA,2021-04-05,53.62
Italy,ITA,2021-04-06,61.18
Italy,ITA,2021-04-07,67.5
Italy,ITA,2021-04-08,72.56
Italy,ITA,2021-04-09,70.64
Italy,ITA,2021-04-10,59.57
Italy,ITA,2021-04-11,58.45
Italy,ITA,2021-04-12,74.6
Italy,ITA,2021-04-13,75.76
Italy,ITA,2021-04-14,80.88
Italy,ITA,2021-04-15,76.63
Italy,ITA,2021-04-16,73.93
Italy,ITA,2021-04-17,68.15
Italy,ITA,2021-04-18,68.99
Italy,ITA,2021-04-19,81.15
Italy,ITA,2021-04-20,78.99
Italy,ITA,2021-04-21,78.12
Italy,ITA,2021-04-22,73.52
Italy,ITA,2021-04-23,70.72
Italy,ITA,2021-04-24,65.19
Italy,ITA,2021-04-25,66.61
Italy,ITA,2021-04-26,72.46
Italy,ITA,2021-04-27,78.06
Italy,ITA,2021-04-28,76.12
Italy,ITA,2021-04-29,76.88
Italy,ITA,2021-04-30,74.52
Italy,ITA,2021-05-01,56.77
Italy,ITA,2021-05-02,45.82
Italy,ITA,2021-05-03,73.42
Italy,ITA,2021-05-04,74.07
Italy,ITA,2021-05-05,72.81
Italy,ITA,2021-05-06,74.03
Italy,ITA,2021-05-07,74.69
Italy,ITA,2021-05-08,71.66
Italy,ITA,2021-05-09,68.64
Italy,ITA,2021-05-10,72.76
Italy,ITA,2021-05-11,75.53
Italy,ITA,2021-05-12,68.71
Italy,ITA,2021-05-13,71.86
Italy,ITA,2021-05-14,77.2
Italy,ITA,2021-05-15,61.19
Italy,ITA,2021-05-16,46.65
Italy,ITA,2021-05-17,68.82
Italy,ITA,2021-05-18,75.45
Italy,ITA,2021-05-19,76.59
Italy,ITA,2021-05-20,71.55
Italy,ITA,2021-05-21,77.3
Italy,ITA,2021-05-22,61.46
Italy,ITA,2021-05-23,63.4
Italy,ITA,2021-05-24,75.05
Italy,ITA,2021-05-25,69.59
Italy,ITA,2021-05-26,81.72
Italy,ITA,2021-05-27,82.65
Italy,ITA,2021-05-28,79.42
Italy,ITA,2021-05-29,67.81
Italy,ITA,2021-05-30,59.51
Italy,ITA,2021-05-31,72.05
Italy,ITA,2021-06-01,73.15
Italy,ITA,2021-06-02,69.27
Italy,ITA,2021-06-03,71.86
Italy,ITA,2021-06-04,79.77
Italy,ITA,2021-06-05,69.14
Italy,ITA,2021-06-06,68.95
Italy,ITA,2021-06-07,78.65
Italy,ITA,2021-06-08,77.72
Italy,ITA,2021-06-09,76.57
Italy,ITA,2021-06-10,83.74
Italy,ITA,2021-06-11,84.29
Italy,ITA,2021-06-12,76.01
Italy,ITA,2021-06-13,67.53
Italy,ITA,2021-06-14,76.49
Italy,ITA,2021-06-15,84.71
Italy,ITA,2021-06-16,90.93
Italy,ITA,2021-06-17,90.26
Italy,ITA,2021-06-18,89.48
Italy,ITA,2021-06-19,78.65
Italy,ITA,2021-06-20,79.96
Italy,ITA,2021-06-21,85.66
Italy,ITA,2021-06-22,91.58
Italy,ITA,2021-06-23,101.76
Italy,ITA,2021-06-24,106.54
Italy,ITA,2021-06-25,99.33
Italy,ITA,2021-06-26,90.94
Italy,ITA,2021-06-27,87.13
Italy,ITA,2021-06-28,100.64
Italy,ITA,2021-06-29,112.01
Italy,ITA,2021-06-30,103.54
Italy,ITA,2021-07-01,98.86
Italy,ITA,2021-07-02,111.03
Italy,ITA,2021-07-03,105.95
Italy,ITA,2021-07-04,93.08
Italy,ITA,2021-07-05,98.53
Italy,ITA,2021-07-06,106.03
Italy,ITA,2021-07-07,112.52
Italy,ITA,2021-07-08,110.2
Italy,ITA,2021-07-09,97.33
Italy,ITA,2021-07-10,92.27
Italy,ITA,2021-07-11,87.56
Italy,ITA,2021-07-12,104.27
Italy,ITA,2021-07-13,107.07
Italy,ITA,2021-07-14,99.11
Italy,ITA,2021-07-15,96.66
Italy,ITA,2021-07-16,99.8
Italy,ITA,2021-07-17,93.26
Italy,ITA,2021-07-18,82.28
Italy,ITA,2021-07-19,100.15
Italy,ITA,2021-07-20,110.27
Italy,ITA,2021-07-21,103.64
Italy,ITA,2021-07-22,103.7
Italy,ITA,2021-07-23,110.19
Italy,ITA,2021-07-24,103.39
Italy,ITA,2021-07-25,88.25
Italy,ITA,2021-07-26,106.28
Italy,ITA,2021-07-27,112.62
Italy,ITA,2021-07-28,115.49
Italy,ITA,2021-07-29,115.14
Italy,ITA,2021-07-30,111.08
Italy,ITA,2021-07-31,108.34
Italy,ITA,2021-08-01,91.53
Italy,ITA,2021-08-02,108.96
Italy,ITA,2021-08-03,112.55
Italy,ITA,2021-08-04,113.57
Italy,ITA,2021-08-05,106.85
Italy,ITA,2021-08-06,110.4
Italy,ITA,2021-08-07,100.12
Italy,ITA,2021-08-08,96.97
Italy,ITA,2021-08-09,109.65
Italy,ITA,2021-08-10,114.15
Italy,ITA,2021-08-11,121.36
Italy,ITA,2021-08-12,120.42
Italy,ITA,2021-08-13,123.73
Italy,ITA,2021-08-14,115.93
Italy,ITA,2021-08-15,114.81
Italy,ITA,2021-08-16,117.37
Italy,ITA,2021-08-17,114.86
Italy,ITA,2021-08-18,112.38
Italy,ITA,2021-08-19,122.22
Italy,ITA,2021-08-20,110.01
Italy,ITA,2021-08-21,105.8
Italy,ITA,2021-08-22,101.19
Italy,ITA,2021-08-23,109.0
Italy,ITA,2021-08-24,116.36
Italy,ITA,2021-08-25,110.32
Italy,ITA,2021-08-26,128.62
Italy,ITA,2021-08-27,113.74
Italy,ITA,2021-08-28,112.32
Italy,ITA,2021-08-29,103.12
Italy,ITA,2021-08-30,127.03
Italy,ITA,2021-08-31,127.18
Italy,ITA,2021-09-01,127.24
Italy,ITA,2021-09-02,139.52
Italy,ITA,2021-09-03,145.73
Italy,ITA,2021-09-04,135.44
Italy,ITA,2021-09-05,111.8
Italy,ITA,2021-09-06,133.25
Italy,ITA,2021-09-07,137.91
Italy,ITA,2021-09-08,139.88
Italy,ITA,2021-09-09,144.66
Italy,ITA,2021-09-10,145.43
Italy,ITA,2021-09-11,139.17
Italy,ITA,2021-09-12,133.11
Italy,ITA,2021-09-13,148.74
Italy,ITA,2021-09-14,153.77
Italy,ITA,2021-09-15,175.41
Italy,ITA,2021-09-16,182.02
Italy,ITA,2021-09-17,167.81
Italy,ITA,2021-09-18,158.14
Italy,ITA,2021-09-19,154.84
Italy,ITA,2021-09-20,162.34
Italy,ITA,2021-09-21,175.82
Italy,ITA,2021-09-22,179.79
Italy,ITA,2021-09-23,173.46
Italy,ITA,2021-09-24,191.05
Italy,ITA,2021-09-25,163.43
Italy,ITA,2021-09-26,162.63
Italy,ITA,2021-09-27,175.49
Italy,ITA,2021-09-28,179.97
Italy,ITA,2021-09-29,218.82
Italy,ITA,2021-09-30,205.77
Italy,ITA,2021-10-01,209.83
Italy,ITA,2021-10-02,223.81
Italy,ITA,2021-10-03,188.63
Italy,ITA,2021-10-04,213.35
Italy,ITA,2021-10-05,208.91
Italy,ITA,2021-10-06,246.13
Italy,ITA,2021-10-07,302.7
Italy,ITA,2021-10-08,229.67
Italy,ITA,2021-10-09,198.31
Italy,ITA,2021-10-10,169.02
Italy,ITA,2021-10-11,206.31
Italy,ITA,2021-10-12,219.76
Italy,ITA,2021-10-13,214.44
Italy,ITA,2021-10-14,214.57
Italy,ITA,2021-10-15,214.96
Italy,ITA,2021-10-16,215.16
Italy,ITA,2021-10-17,191.9
Italy,ITA,2021-10-18,247.26
Italy,ITA,2021-10-19,251.34
Italy,ITA,2021-10-20,230.57
Italy,ITA,2021-10-21,216.94
Italy,ITA,2021-10-22,236.9
Italy,ITA,2021-10-23,216.93
Italy,ITA,2021-10-24,187.64
Italy,ITA,2021-10-25,213.98
Italy,ITA,2021-10-26,239.78
Italy,ITA,2021-10-27,223.54
Italy,ITA,2021-10-28,213.31
Italy,ITA,2021-10-29,217.41
Italy,ITA,2021-10-30,191.06
Italy,ITA,2021-10-31,193.33
Italy,ITA,2021-11-01,165.82
Italy,ITA,2021-11-02,203.43
Italy,ITA,2021-11-03,199.95
Italy,ITA,2021-11-04,192.76
Italy,ITA,2021-11-05,208.88
Italy,ITA,2021-11-06,174.01
Italy,ITA,2021-11-07,195.12
Italy,ITA,2021-11-08,217.76
Italy,ITA,2021-11-09,211.34
Italy,ITA,2021-11-10,232.36
Italy,ITA,2021-11-11,199.44
Italy,ITA,2021-11-12,204.34
Italy,ITA,2021-11-13,188.66
Italy,ITA,2021-11-14,178.27
Italy,ITA,2021-11-15,228.72
Italy,ITA,2021-11-16,238.03
Italy,ITA,2021-11-17,245.88
Italy,ITA,2021-11-18,247.41
Italy,ITA,2021-11-19,243.94
Italy,ITA,2021-11-20,230.83
Italy,ITA,2021-11-21,221.69
Italy,ITA,2021-11-22,259.29
Italy,ITA,2021-11-23,270.12
Italy,ITA,2021-11-24,289.76
Italy,ITA,2021-11-25,292.31
Italy,ITA,2021-11-26,256.25
Italy,ITA,2021-11-27,222.63
Italy,ITA,2021-11-28,203.78
Italy,ITA,2021-11-29,288.47
Italy,ITA,2021-11-30,269.3
Italy,ITA,2021-12-01,280.61
Italy,ITA,2021-12-02,276.44
Italy,ITA,2021-12-03,289.75
Italy,ITA,2021-12-04,221.76
Italy,ITA,2021-12-05,222.0
Italy,ITA,2021-12-06,269.65
Italy,ITA,2021-12-07,252.9
Italy,ITA,2021-12-08,245.23
Italy,ITA,2021-12-09,278.52
Italy,ITA,2021-12-10,256.17
Italy,ITA,2021-12-11,247.01
Italy,ITA,2021-12-12,239.27
Italy,ITA,2021-12-13,295.18
Italy,ITA,2021-12-14,310.34
Italy,ITA,2021-12-15,341.35
Italy,ITA,2021-12-16,347.28
Italy,ITA,2021-12-17,330.22
Italy,ITA,2021-12-18,298.4
Italy,ITA,2021-12-19,332.93
Italy,ITA,2021-12-20,364.91
Italy,ITA,2021-12-21,420.14
Italy,ITA,2021-12-22,438.68
Italy,ITA,2021-12-23,410.84
Italy,ITA,2021-12-24,302.42
Italy,ITA,2021-12-25,216.58
Italy,ITA,2021-12-26,210.1
Italy,ITA,2021-12-27,242.04
Italy,ITA,2021-12-28,197.89
Italy,ITA,2021-12-29,217.89
Italy,ITA,2021-12-30,184.01
Italy,ITA,2021-12-31,169.59
Italy,ITA,2022-01-01,149.9
Italy,ITA,2022-01-02,166.2
Italy,ITA,2022-01-03,194.62
Italy,ITA,2022-01-04,165.77
Italy,ITA,2022-01-05,195.23
Italy,ITA,2022-01-06,225.96
Italy,ITA,2022-01-07,234.2
Italy,ITA,2022-01-08,234.33
Italy,ITA,2022-01-09,212.49
Italy,ITA,2022-01-10,252.69
Italy,ITA,2022-01-11,244.37
Italy,ITA,2022-01-12,234.05
Italy,ITA,2022-01-13,223.86
Italy,ITA,2022-01-14,228.37
Italy,ITA,2022-01-15,218.78
Italy,ITA,2022-01-16,213.18
Italy,ITA,2022-01-17,244.19
Italy,ITA,2022-01-18,240.2
Italy,ITA,2022-01-19,233.73
Italy,ITA,2022-01-20,220.6
Italy,ITA,2022-01-21,216.45
Italy,ITA,2022-01-22,204.58
Italy,ITA,2022-01-23,197.1
Italy,ITA,2022-01-24,242.95
Italy,ITA,2022-01-25,281.95
Italy,ITA,2022-01-26,272.37
Italy,ITA,2022-01-27,263.38
Italy,ITA,2022-01-28,261.11
Italy,ITA,2022-01-29,237.88
Italy,ITA,2022-01-30,217.95
Italy,ITA,2022-01-31,230.87
Italy,ITA,2022-02-01,238.66
Italy,ITA,2022-02-02,213.22
Italy,ITA,2022-02-03,213.62
Italy,ITA,2022-02-04,229.21
Italy,ITA,2022-02-05,223.96
Italy,ITA,2022-02-06,204.35
Italy,ITA,2022-02-07,204.61
Italy,ITA,2022-02-08,205.72
Italy,ITA,2022-02-09,220.46
Italy,ITA,2022-02-10,213.45
Italy,ITA,2022-02-11,219.68
Italy,ITA,2022-02-12,191.53
Italy,ITA,2022-02-13,196.52
Italy,ITA,2022-02-14,210.19
Italy,ITA,2022-02-15,210.69
Italy,ITA,2022-02-16,221.26
Italy,ITA,2022-02-17,182.42
Italy,ITA,2022-02-18,201.76
Italy,ITA,2022-02-19,178.26
Italy,ITA,2022-02-20,182.03
Italy,ITA,2022-02-21,185.37
Italy,ITA,2022-02-22,185.14
Italy,ITA,2022-02-23,191.84
Italy,ITA,2022-02-24,220.77
Italy,ITA,2022-02-25,285.9
Italy,ITA,2022-02-26,246.66
Italy,ITA,2022-02-27,202.69
Italy,ITA,2022-02-28,249.1
Italy,ITA,2022-03-01,270.81
Italy,ITA,2022-03-02,278.49
Italy,ITA,2022-03-03,363.95
Italy,ITA,2022-03-04,383.23
Italy,ITA,2022-03-05,364.28
Italy,ITA,2022-03-06,377.75
Italy,ITA,2022-03-07,460.57
Italy,ITA,2022-03-08,583.33
Italy,ITA,2022-03-09,460.13
Italy,ITA,2022-03-10,385.65
Italy,ITA,2022-03-11,369.72
Italy,ITA,2022-03-12,281.16
Italy,ITA,2022-03-13,306.89
Italy,ITA,2022-03-14,322.32
Italy,ITA,2022-03-15,300.89
Italy,ITA,2022-03-16,280.38
Italy,ITA,2022-03-17,261.07
Italy,ITA,2022-03-18,247.48
Italy,ITA,2022-03-19,253.36
Italy,ITA,2022-03-20,227.93
Italy,ITA,2022-03-21,243.52
Italy,ITA,2022-03-22,242.14
Italy,ITA,2022-03-23,238.63
Italy,ITA,2022-03-24,246.31
Italy,ITA,2022-03-25,276.06
Italy,ITA,2022-03-26,233.99
Italy,ITA,2022-03-27,206.08
Italy,ITA,2022-03-28,252.63
Italy,ITA,2022-03-29,252.34
Italy,ITA,2022-03-30,294.49
Italy,ITA,2022-03-31,282.25
Italy,ITA,2022-04-01,308.34
Italy,ITA,2022-04-02,276.79
Italy,ITA,2022-04-03,281.85
Italy,ITA,2022-04-04,345.79
Italy,ITA,2022-04-05,295.76
Italy,ITA,2022-04-06,280.35
Italy,ITA,2022-04-07,238.44
Italy,ITA,2022-04-08,270.71
Italy,ITA,2022-04-09,236.85
Italy,ITA,2022-04-10,192.93
Italy,ITA,2022-04-11,238.83
Italy,ITA,2022-04-12,267.5
Italy,ITA,2022-04-13,245.6
Italy,ITA,2022-04-14,243.92
Italy,ITA,2022-04-15,244.83
Italy,ITA,2022-04-16,192.05
Italy,ITA,2022-04-17,171.93
Italy,ITA,2022-04-18,176.21
Italy,ITA,2022-04-19,232.72
Italy,ITA,2022-04-20,241.1
Italy,ITA,2022-04-21,244.07
Italy,ITA,2022-04-22,235.0
Italy,ITA,2022-04-23,256.87
Italy,ITA,2022-04-24,210.71
Italy,ITA,2022-04-25,255.98
Italy,ITA,2022-04-26,251.29
Italy,ITA,2022-04-27,240.55
Italy,ITA,2022-04-28,242.11
Italy,ITA,2022-04-29,242.87
Italy,ITA,2022-04-30,211.33
Italy,ITA,2022-05-01,206.93
Italy,ITA,2022-05-02,230.43
Italy,ITA,2022-05-03,255.81
Italy,ITA,2022-05-04,249.48
Italy,ITA,2022-05-05,261.41
Italy,ITA,2022-05-06,270.46
Italy,ITA,2022-05-07,218.53
Italy,ITA,2022-05-08,208.44
Italy,ITA,2022-05-09,256.12
Italy,ITA,2022-05-10,236.81
Italy,ITA,2022-05-11,236.61
Italy,ITA,2022-05-12,230.12
Italy,ITA,2022-05-13,253.26
Italy,ITA,2022-05-14,215.81
Italy,ITA,2022-05-15,216.47
Italy,ITA,2022-05-16,238.4
Italy,ITA,2022-05-17,238.05
Italy,ITA,2022-05-18,229.71
Italy,ITA,2022-05-19,247.65
Italy,ITA,2022-05-20,246.15
Italy,ITA,2022-05-21,211.93
Italy,ITA,2022-05-22,191.47
Italy,ITA,2022-05-23,222.69
Italy,ITA,2022-05-24,226.44
Italy,ITA,2022-05-25,214.97
Italy,ITA,2022-05-26,223.57
Italy,ITA,2022-05-27,244.28
Italy,ITA,2022-05-28,201.31
Italy,ITA,2022-05-29,187.87
Italy,ITA,2022-05-30,226.32
Italy,ITA,2022-05-31,234.01
Italy,ITA,2022-06-01,241.92
Italy,ITA,2022-06-02,212.55
Italy,ITA,2022-06-03,267.03
Italy,ITA,2022-06-04,210.16
Italy,ITA,2022-06-05,200.85
Italy,ITA,2022-06-06,249.03
Italy,ITA,2022-06-07,226.95
Italy,ITA,2022-06-08,197.37
Italy,ITA,2022-06-09,212.15
Italy,ITA,2022-06-10,203.72
Italy,ITA,2022-06-11,188.26
Italy,ITA,2022-06-12,165.36
Italy,ITA,2022-06-13,212.27
Italy,ITA,2022-06-14,218.44
Italy,ITA,2022-06-15,252.83
Italy,ITA,2022-06-16,280.97
Italy,ITA,2022-06-17,329.11
Italy,ITA,2022-06-18,293.18
Italy,ITA,2022-06-19,255.99
Italy,ITA,2022-06-20,306.77
Italy,ITA,2022-06-21,343.69
Italy,ITA,2022-06-22,368.39
Italy,ITA,2022-06-23,365.32
Italy,ITA,2022-06-24,318.14
Italy,ITA,2022-06-25,304.73
Italy,ITA,2022-06-26,285.44
Italy,ITA,2022-06-27,350.09
Italy,ITA,2022-06-28,385.87
Italy,ITA,2022-06-29,336.08
Italy,ITA,2022-06-30,364.59
Italy,ITA,2022-07-01,374.2
Italy,ITA,2022-07-02,355.51
Italy,ITA,2022-07-03,369.6
Italy,ITA,2022-07-04,393.83
Italy,ITA,2022-07-05,420.86
Italy,ITA,2022-07-06,428.63
Italy,ITA,2022-07-07,413.29
Italy,ITA,2022-07-08,421.19
Italy,ITA,2022-07-09,367.26
Italy,ITA,2022-07-10,323.23
Italy,ITA,2022-07-11,416.51
Italy,ITA,2022-07-12,435.81
Italy,ITA,2022-07-13,439.67
Italy,ITA,2022-07-14,446.1
Italy,ITA,2022-07-15,442.51
Italy,ITA,2022-07-16,419.56
Italy,ITA,2022-07-17,360.88
Italy,ITA,2022-07-18,465.08
Italy,ITA,2022-07-19,495.84
Italy,ITA,2022-07-20,542.15
Italy,ITA,2022-07-21,542.86
Italy,ITA,2022-07-22,527.4
Italy,ITA,2022-07-23,449.26
Italy,ITA,2022-07-24,360.35
Italy,ITA,2022-07-25,530.03
Italy,ITA,2022-07-26,524.47
Italy,ITA,2022-07-27,531.29
Italy,ITA,2022-07-28,562.28
Italy,ITA,2022-07-29,515.68
Italy,ITA,2022-07-30,436.09
Italy,ITA,2022-07-31,382.63
Italy,ITA,2022-08-01,465.55
Italy,ITA,2022-08-02,485.07
Italy,ITA,2022-08-03,517.06
Italy,ITA,2022-08-04,538.62
Italy,ITA,2022-08-05,539.55
Italy,ITA,2022-08-06,525.75
Italy,ITA,2022-08-07,458.0
Italy,ITA,2022-08-08,478.07
Italy,ITA,2022-08-09,472.95
Italy,ITA,2022-08-10,436.97
Italy,ITA,2022-08-11,486.58
Italy,ITA,2022-08-12,483.0
Italy,ITA,2022-08-13,445.52
Italy,ITA,2022-08-14,406.09
Italy,ITA,2022-08-15,460.62
Italy,ITA,2022-08-16,507.96
Italy,ITA,2022-08-17,537.92
Italy,ITA,2022-08-18,548.05
Italy,ITA,2022-08-19,500.33
Italy,ITA,2022-08-20,512.94
Italy,ITA,2022-08-21,448.06
Italy,ITA,2022-08-22,569.96
Italy,ITA,2022-08-23,610.03
Italy,ITA,2022-08-24,634.38
Italy,ITA,2022-08-25,624.92
Italy,ITA,2022-08-26,722.91
Italy,ITA,2022-08-27,712.61
Italy,ITA,2022-08-28,662.36
Italy,ITA,2022-08-29,739.87
Italy,ITA,2022-08-30,703.45
Italy,ITA,2022-08-31,612.76
Italy,ITA,2022-09-01,656.8
Italy,ITA,2022-09-02,528.9
Italy,ITA,2022-09-03,467.11
Italy,ITA,2022-09-04,391.63
Italy,ITA,2022-09-05,474.26
Italy,ITA,2022-09-06,545.89
Italy,ITA,2022-09-07,486.09
Italy,ITA,2022-09-08,499.42
Italy,ITA,2022-09-09,445.61
Italy,ITA,2022-09-10,425.37
Italy,ITA,2022-09-11,405.61
Italy,ITA,2022-09-12,448.66
Italy,ITA,2022-09-13,456.27
Italy,ITA,2022-09-14,465.7
Italy,ITA,2022-09-15,452.27
Italy,ITA,2022-09-16,483.3
Italy,ITA,2022-09-17,352.65
Italy,ITA,2022-09-18,301.32
Italy,ITA,2022-09-19,371.53
Italy,ITA,2022-09-20,393.78
Italy,ITA,2022-09-21,395.31
Italy,ITA,2022-09-22,416.96
Italy,ITA,2022-09-23,424.92
Italy,ITA,2022-09-24,366.09
Italy,ITA,2022-09-25,314.72
Italy,ITA,2022-09-26,353.63
Italy,ITA,2022-09-27,370.58
Italy,ITA,2022-09-28,365.08
Italy,ITA,2022-09-29,436.82
Italy,ITA,2022-09-30,380.01
Italy,ITA,2022-10-01,239.06
Italy,ITA,2022-10-02,208.97
Italy,ITA,2022-10-03,345.16
Italy,ITA,2022-10-04,352.66
Italy,ITA,2022-10-05,285.84
Italy,ITA,2022-10-06,253.46
Italy,ITA,2022-10-07,277.91
Italy,ITA,2022-10-08,287.57
Italy,ITA,2022-10-09,204.93
Italy,ITA,2022-10-10,283.75
Italy,ITA,2022-10-11,285.52
Italy,ITA,2022-10-12,289.49
Italy,ITA,2022-10-13,273.36
Italy,ITA,2022-10-14,263.26
Italy,ITA,2022-10-15,210.29
Italy,ITA,2022-10-16,183.25
Italy,ITA,2022-10-17,216.11
Italy,ITA,2022-10-18,214.3
Italy,ITA,2022-10-19,176.82
Italy,ITA,2022-10-20,201.38
Italy,ITA,2022-10-21,200.19
Italy,ITA,2022-10-22,138.39
Italy,ITA,2022-10-23,102.98
Italy,ITA,2022-10-24,137.76
Italy,ITA,2022-10-25,133.93
Italy,ITA,2022-10-26,131.77
Italy,ITA,2022-10-27,160.21
Italy,ITA,2022-10-28,132.8
Italy,ITA,2022-10-29,100.97
Italy,ITA,2022-10-30,113.67
Italy,ITA,2022-10-31,143.24
Italy,ITA,2022-11-01,108.17
Italy,ITA,2022-11-02,123.56
Italy,ITA,2022-11-03,133.49
Italy,ITA,2022-11-04,191.12
Italy,ITA,2022-11-05,136.86
Italy,ITA,2022-11-06,123.27
Italy,ITA,2022-11-07,186.02
Italy,ITA,2022-11-08,164.55
Italy,ITA,2022-11-09,211.84
Italy,ITA,2022-11-10,261.6
Italy,ITA,2022-11-11,211.37
Italy,ITA,2022-11-12,179.9
Italy,ITA,2022-11-13,170.88
Italy,ITA,2022-11-14,215.54
Italy,ITA,2022-11-15,253.65
Italy,ITA,2022-11-16,261.36
Italy,ITA,2022-11-17,256.27
Italy,ITA,2022-11-18,247.73
Italy,ITA,2022-11-19,221.22
Italy,ITA,2022-11-20,209.16
Italy,ITA,2022-11-21,252.27
Italy,ITA,2022-11-22,226.75
Italy,ITA,2022-11-23,240.25
Italy,ITA,2022-11-24,301.53
Italy,ITA,2022-11-25,295.14
Italy,ITA,2022-11-26,257.34
Italy,ITA,2022-11-27,214.67
Italy,ITA,2022-11-28,333.41
Italy,ITA,2022-11-29,370.29
Italy,ITA,2022-11-30,382.26
